code,message,contract,row_index,timestamp_utc,price,context
INVALID_RISK_UNIT,risk_unit == 0 or non-finite,NQM18-CME,41224,2018-03-12 13:07:18.001000+00:00,7148.5,{'stop_loss_price': 7148.5}
INVALID_RISK_UNIT,risk_unit == 0 or non-finite,NQM18-CME,41225,2018-03-12 13:07:18.002000+00:00,7148.5,{'stop_loss_price': 7148.5}
INVALID_RISK_UNIT,risk_unit == 0 or non-finite,NQM18-CME,41235,2018-03-12 13:07:33+00:00,7148.5,{'stop_loss_price': 7148.5}
INVALID_RISK_UNIT,risk_unit == 0 or non-finite,NQM18-CME,41236,2018-03-12 13:07:36+00:00,7148.5,{'stop_loss_price': 7148.5}
INVALID_RISK_UNIT,risk_unit == 0 or non-finite,NQM18-CME,41237,2018-03-12 13:07:36.001000+00:00,7148.5,{'stop_loss_price': 7148.5}
INVALID_RISK_UNIT,risk_unit == 0 or non-finite,NQM18-CME,41238,2018-03-12 13:07:36.002000+00:00,7148.5,{'stop_loss_price': 7148.5}
INVALID_RISK_UNIT,risk_unit == 0 or non-finite,NQM18-CME,63315,2018-03-12 13:53:16.008000+00:00,7163.0,{'stop_loss_price': 7163.0}
INVALID_RISK_UNIT,risk_unit == 0 or non-finite,NQM18-CME,63316,2018-03-12 13:53:16.009000+00:00,7163.0,{'stop_loss_price': 7163.0}
INVALID_RISK_UNIT,risk_unit == 0 or non-finite,NQM18-CME,63317,2018-03-12 13:53:16.010000+00:00,7163.0,{'stop_loss_price': 7163.0}
INVALID_RISK_UNIT,risk_unit == 0 or non-finite,NQM18-CME,63318,2018-03-12 13:53:16.011000+00:00,7163.0,{'stop_loss_price': 7163.0}
INVALID_RISK_UNIT,risk_unit == 0 or non-finite,NQM18-CME,63319,2018-03-12 13:53:16.012000+00:00,7163.0,{'stop_loss_price': 7163.0}
INVALID_RISK_UNIT,risk_unit == 0 or non-finite,NQM18-CME,63320,2018-03-12 13:53:16.013000+00:00,7163.0,{'stop_loss_price': 7163.0}
INVALID_RISK_UNIT,risk_unit == 0 or non-finite,NQM18-CME,63321,2018-03-12 13:53:16.014000+00:00,7163.0,{'stop_loss_price': 7163.0}
INVALID_RISK_UNIT,risk_unit == 0 or non-finite,NQM18-CME,63323,2018-03-12 13:53:16.016000+00:00,7163.0,{'stop_loss_price': 7163.0}
INVALID_RISK_UNIT,risk_unit == 0 or non-finite,NQM18-CME,214686,2018-03-12 19:57:32.011000+00:00,7167.75,{'stop_loss_price': 7167.75}
INVALID_RISK_UNIT,risk_unit == 0 or non-finite,NQM18-CME,214687,2018-03-12 19:57:32.012000+00:00,7167.75,{'stop_loss_price': 7167.75}
INVALID_RISK_UNIT,risk_unit == 0 or non-finite,NQM18-CME,214688,2018-03-12 19:57:32.013000+00:00,7167.75,{'stop_loss_price': 7167.75}
INVALID_RISK_UNIT,risk_unit == 0 or non-finite,NQM18-CME,214689,2018-03-12 19:57:32.014000+00:00,7167.75,{'stop_loss_price': 7167.75}
INVALID_RISK_UNIT,risk_unit == 0 or non-finite,NQM18-CME,228956,2018-03-13 02:10:16+00:00,7152.25,{'stop_loss_price': 7152.25}
INVALID_RISK_UNIT,risk_unit == 0 or non-finite,NQM18-CME,257400,2018-03-13 12:43:27.003000+00:00,7177.75,{'stop_loss_price': 7177.75}
INVALID_RISK_UNIT,risk_unit == 0 or non-finite,NQM18-CME,281088,2018-03-13 13:36:31.011000+00:00,7207.0,{'stop_loss_price': 7207.0}
INVALID_RISK_UNIT,risk_unit == 0 or non-finite,NQM18-CME,281089,2018-03-13 13:36:31.012000+00:00,7207.0,{'stop_loss_price': 7207.0}
INVALID_RISK_UNIT,risk_unit == 0 or non-finite,NQM18-CME,281091,2018-03-13 13:36:32.001000+00:00,7207.0,{'stop_loss_price': 7207.0}
INVALID_RISK_UNIT,risk_unit == 0 or non-finite,NQM18-CME,345863,2018-03-13 15:00:53.001000+00:00,7159.0,{'stop_loss_price': 7159.0}
INVALID_RISK_UNIT,risk_unit == 0 or non-finite,NQM18-CME,345864,2018-03-13 15:00:53.002000+00:00,7159.0,{'stop_loss_price': 7159.0}
INVALID_RISK_UNIT,risk_unit == 0 or non-finite,NQM18-CME,370996,2018-03-13 15:21:27.003000+00:00,7138.25,{'stop_loss_price': 7138.25}
INVALID_RISK_UNIT,risk_unit == 0 or non-finite,NQM18-CME,454214,2018-03-13 16:35:39.005000+00:00,7114.0,{'stop_loss_price': 7114.0}
INVALID_RISK_UNIT,risk_unit == 0 or non-finite,NQM18-CME,471076,2018-03-13 17:03:57.013000+00:00,7125.75,{'stop_loss_price': 7125.75}
INVALID_RISK_UNIT,risk_unit == 0 or non-finite,NQM18-CME,471077,2018-03-13 17:03:57.014000+00:00,7125.75,{'stop_loss_price': 7125.75}
INVALID_RISK_UNIT,risk_unit == 0 or non-finite,NQM18-CME,471078,2018-03-13 17:03:57.015000+00:00,7125.75,{'stop_loss_price': 7125.75}
INVALID_RISK_UNIT,risk_unit == 0 or non-finite,NQM18-CME,471079,2018-03-13 17:03:57.016000+00:00,7125.75,{'stop_loss_price': 7125.75}
INVALID_RISK_UNIT,risk_unit == 0 or non-finite,NQM18-CME,471080,2018-03-13 17:03:57.017000+00:00,7125.75,{'stop_loss_price': 7125.75}
INVALID_RISK_UNIT,risk_unit == 0 or non-finite,NQM18-CME,471081,2018-03-13 17:03:57.018000+00:00,7125.75,{'stop_loss_price': 7125.75}
INVALID_RISK_UNIT,risk_unit == 0 or non-finite,NQM18-CME,471082,2018-03-13 17:03:57.019000+00:00,7125.75,{'stop_loss_price': 7125.75}
INVALID_RISK_UNIT,risk_unit == 0 or non-finite,NQM18-CME,471083,2018-03-13 17:03:57.020000+00:00,7125.75,{'stop_loss_price': 7125.75}
INVALID_RISK_UNIT,risk_unit == 0 or non-finite,NQM18-CME,471084,2018-03-13 17:03:57.021000+00:00,7125.75,{'stop_loss_price': 7125.75}
INVALID_RISK_UNIT,risk_unit == 0 or non-finite,NQM18-CME,472248,2018-03-13 17:05:09.013000+00:00,7129.5,{'stop_loss_price': 7129.5}
INVALID_RISK_UNIT,risk_unit == 0 or non-finite,NQM18-CME,472249,2018-03-13 17:05:09.014000+00:00,7129.5,{'stop_loss_price': 7129.5}
INVALID_RISK_UNIT,risk_unit == 0 or non-finite,NQM18-CME,472250,2018-03-13 17:05:09.015000+00:00,7129.5,{'stop_loss_price': 7129.5}
INVALID_RISK_UNIT,risk_unit == 0 or non-finite,NQM18-CME,472251,2018-03-13 17:05:09.016000+00:00,7129.5,{'stop_loss_price': 7129.5}
INVALID_RISK_UNIT,risk_unit == 0 or non-finite,NQM18-CME,472252,2018-03-13 17:05:09.017000+00:00,7129.5,{'stop_loss_price': 7129.5}
INVALID_RISK_UNIT,risk_unit == 0 or non-finite,NQM18-CME,472253,2018-03-13 17:05:09.018000+00:00,7129.5,{'stop_loss_price': 7129.5}
INVALID_RISK_UNIT,risk_unit == 0 or non-finite,NQM18-CME,472254,2018-03-13 17:05:09.019000+00:00,7129.5,{'stop_loss_price': 7129.5}
INVALID_RISK_UNIT,risk_unit == 0 or non-finite,NQM18-CME,472255,2018-03-13 17:05:09.020000+00:00,7129.5,{'stop_loss_price': 7129.5}
INVALID_RISK_UNIT,risk_unit == 0 or non-finite,NQM18-CME,472256,2018-03-13 17:05:09.021000+00:00,7129.5,{'stop_loss_price': 7129.5}
INVALID_RISK_UNIT,risk_unit == 0 or non-finite,NQM18-CME,472257,2018-03-13 17:05:09.022000+00:00,7129.5,{'stop_loss_price': 7129.5}
INVALID_RISK_UNIT,risk_unit == 0 or non-finite,NQM18-CME,472258,2018-03-13 17:05:09.023000+00:00,7129.5,{'stop_loss_price': 7129.5}
INVALID_RISK_UNIT,risk_unit == 0 or non-finite,NQM18-CME,489300,2018-03-13 17:41:23+00:00,7132.5,{'stop_loss_price': 7132.5}
INVALID_RISK_UNIT,risk_unit == 0 or non-finite,NQM18-CME,489301,2018-03-13 17:41:23.001000+00:00,7132.5,{'stop_loss_price': 7132.5}
INVALID_RISK_UNIT,risk_unit == 0 or non-finite,NQM18-CME,489305,2018-03-13 17:41:28.001000+00:00,7132.5,{'stop_loss_price': 7132.5}
INVALID_RISK_UNIT,risk_unit == 0 or non-finite,NQM18-CME,489306,2018-03-13 17:41:28.002000+00:00,7132.5,{'stop_loss_price': 7132.5}
INVALID_RISK_UNIT,risk_unit == 0 or non-finite,NQM18-CME,489307,2018-03-13 17:41:28.003000+00:00,7132.5,{'stop_loss_price': 7132.5}
INVALID_RISK_UNIT,risk_unit == 0 or non-finite,NQM18-CME,489308,2018-03-13 17:41:29+00:00,7132.5,{'stop_loss_price': 7132.5}
INVALID_RISK_UNIT,risk_unit == 0 or non-finite,NQM18-CME,492705,2018-03-13 17:45:38.007000+00:00,7116.0,{'stop_loss_price': 7116.0}
INVALID_RISK_UNIT,risk_unit == 0 or non-finite,NQM18-CME,492706,2018-03-13 17:45:38.008000+00:00,7116.0,{'stop_loss_price': 7116.0}
INVALID_RISK_UNIT,risk_unit == 0 or non-finite,NQM18-CME,492707,2018-03-13 17:45:38.009000+00:00,7116.0,{'stop_loss_price': 7116.0}
INVALID_RISK_UNIT,risk_unit == 0 or non-finite,NQM18-CME,492708,2018-03-13 17:45:38.010000+00:00,7116.0,{'stop_loss_price': 7116.0}
INVALID_RISK_UNIT,risk_unit == 0 or non-finite,NQM18-CME,492709,2018-03-13 17:45:38.011000+00:00,7116.0,{'stop_loss_price': 7116.0}
INVALID_RISK_UNIT,risk_unit == 0 or non-finite,NQM18-CME,546699,2018-03-13 19:04:54.110000+00:00,7077.75,{'stop_loss_price': 7077.75}
INVALID_RISK_UNIT,risk_unit == 0 or non-finite,NQM18-CME,546700,2018-03-13 19:04:54.111000+00:00,7077.75,{'stop_loss_price': 7077.75}
INVALID_RISK_UNIT,risk_unit == 0 or non-finite,NQM18-CME,546701,2018-03-13 19:04:54.112000+00:00,7077.75,{'stop_loss_price': 7077.75}
INVALID_RISK_UNIT,risk_unit == 0 or non-finite,NQM18-CME,546702,2018-03-13 19:04:54.113000+00:00,7077.75,{'stop_loss_price': 7077.75}
INVALID_RISK_UNIT,risk_unit == 0 or non-finite,NQM18-CME,546703,2018-03-13 19:04:54.114000+00:00,7077.75,{'stop_loss_price': 7077.75}
INVALID_RISK_UNIT,risk_unit == 0 or non-finite,NQM18-CME,546704,2018-03-13 19:04:54.115000+00:00,7077.75,{'stop_loss_price': 7077.75}
INVALID_RISK_UNIT,risk_unit == 0 or non-finite,NQM18-CME,559995,2018-03-13 19:16:14.006000+00:00,7074.25,{'stop_loss_price': 7074.25}
INVALID_RISK_UNIT,risk_unit == 0 or non-finite,NQM18-CME,559996,2018-03-13 19:16:14.007000+00:00,7074.25,{'stop_loss_price': 7074.25}
INVALID_RISK_UNIT,risk_unit == 0 or non-finite,NQM18-CME,559997,2018-03-13 19:16:14.008000+00:00,7074.25,{'stop_loss_price': 7074.25}
INVALID_RISK_UNIT,risk_unit == 0 or non-finite,NQM18-CME,559998,2018-03-13 19:16:14.009000+00:00,7074.25,{'stop_loss_price': 7074.25}
INVALID_RISK_UNIT,risk_unit == 0 or non-finite,NQM18-CME,559999,2018-03-13 19:16:14.010000+00:00,7074.25,{'stop_loss_price': 7074.25}
INVALID_RISK_UNIT,risk_unit == 0 or non-finite,NQM18-CME,593212,2018-03-13 19:52:51.008000+00:00,7070.75,{'stop_loss_price': 7070.75}
INVALID_RISK_UNIT,risk_unit == 0 or non-finite,NQM18-CME,624888,2018-03-14 03:13:25+00:00,7046.75,{'stop_loss_price': 7046.75}
INVALID_RISK_UNIT,risk_unit == 0 or non-finite,NQM18-CME,721584,2018-03-14 14:17:07.049000+00:00,7072.5,{'stop_loss_price': 7072.5}
INVALID_RISK_UNIT,risk_unit == 0 or non-finite,NQM18-CME,721585,2018-03-14 14:17:07.050000+00:00,7072.5,{'stop_loss_price': 7072.5}
INVALID_RISK_UNIT,risk_unit == 0 or non-finite,NQM18-CME,721586,2018-03-14 14:17:07.051000+00:00,7072.5,{'stop_loss_price': 7072.5}
INVALID_RISK_UNIT,risk_unit == 0 or non-finite,NQM18-CME,721587,2018-03-14 14:17:07.052000+00:00,7072.5,{'stop_loss_price': 7072.5}
INVALID_RISK_UNIT,risk_unit == 0 or non-finite,NQM18-CME,721588,2018-03-14 14:17:07.053000+00:00,7072.5,{'stop_loss_price': 7072.5}
INVALID_RISK_UNIT,risk_unit == 0 or non-finite,NQM18-CME,721589,2018-03-14 14:17:08+00:00,7072.5,{'stop_loss_price': 7072.5}
INVALID_RISK_UNIT,risk_unit == 0 or non-finite,NQM18-CME,791841,2018-03-14 15:40:36.022000+00:00,7050.25,{'stop_loss_price': 7050.25}
INVALID_RISK_UNIT,risk_unit == 0 or non-finite,NQM18-CME,791842,2018-03-14 15:40:36.023000+00:00,7050.25,{'stop_loss_price': 7050.25}
INVALID_RISK_UNIT,risk_unit == 0 or non-finite,NQM18-CME,791843,2018-03-14 15:40:36.024000+00:00,7050.25,{'stop_loss_price': 7050.25}
INVALID_RISK_UNIT,risk_unit == 0 or non-finite,NQM18-CME,791844,2018-03-14 15:40:36.025000+00:00,7050.25,{'stop_loss_price': 7050.25}
INVALID_RISK_UNIT,risk_unit == 0 or non-finite,NQM18-CME,801216,2018-03-14 15:49:22.003000+00:00,7048.75,{'stop_loss_price': 7048.75}
INVALID_RISK_UNIT,risk_unit == 0 or non-finite,NQM18-CME,801217,2018-03-14 15:49:22.004000+00:00,7048.75,{'stop_loss_price': 7048.75}
INVALID_RISK_UNIT,risk_unit == 0 or non-finite,NQM18-CME,833637,2018-03-14 16:31:42+00:00,7060.75,{'stop_loss_price': 7060.75}
INVALID_RISK_UNIT,risk_unit == 0 or non-finite,NQM18-CME,835586,2018-03-14 16:35:06.001000+00:00,7065.25,{'stop_loss_price': 7065.25}
INVALID_RISK_UNIT,risk_unit == 0 or non-finite,NQM18-CME,838263,2018-03-14 16:37:20.018000+00:00,7077.5,{'stop_loss_price': 7077.5}
INVALID_RISK_UNIT,risk_unit == 0 or non-finite,NQM18-CME,844009,2018-03-14 16:46:35+00:00,7074.5,{'stop_loss_price': 7074.5}
INVALID_RISK_UNIT,risk_unit == 0 or non-finite,NQM18-CME,844010,2018-03-14 16:46:35.001000+00:00,7074.5,{'stop_loss_price': 7074.5}
INVALID_RISK_UNIT,risk_unit == 0 or non-finite,NQM18-CME,844011,2018-03-14 16:46:35.002000+00:00,7074.5,{'stop_loss_price': 7074.5}
INVALID_RISK_UNIT,risk_unit == 0 or non-finite,NQM18-CME,844012,2018-03-14 16:46:35.003000+00:00,7074.5,{'stop_loss_price': 7074.5}
INVALID_RISK_UNIT,risk_unit == 0 or non-finite,NQM18-CME,844013,2018-03-14 16:46:35.004000+00:00,7074.5,{'stop_loss_price': 7074.5}
INVALID_RISK_UNIT,risk_unit == 0 or non-finite,NQM18-CME,845023,2018-03-14 16:47:15.021000+00:00,7082.75,{'stop_loss_price': 7082.75}
INVALID_RISK_UNIT,risk_unit == 0 or non-finite,NQM18-CME,889192,2018-03-14 18:05:51.001000+00:00,7092.5,{'stop_loss_price': 7092.5}
INVALID_RISK_UNIT,risk_unit == 0 or non-finite,NQM18-CME,889193,2018-03-14 18:05:51.002000+00:00,7092.5,{'stop_loss_price': 7092.5}
INVALID_RISK_UNIT,risk_unit == 0 or non-finite,NQM18-CME,889194,2018-03-14 18:05:51.003000+00:00,7092.5,{'stop_loss_price': 7092.5}
INVALID_RISK_UNIT,risk_unit == 0 or non-finite,NQM18-CME,907430,2018-03-14 18:43:37.006000+00:00,7067.75,{'stop_loss_price': 7067.75}
INVALID_RISK_UNIT,risk_unit == 0 or non-finite,NQM18-CME,942466,2018-03-14 19:29:23.003000+00:00,7060.5,{'stop_loss_price': 7060.5}
INVALID_RISK_UNIT,risk_unit == 0 or non-finite,NQM18-CME,957690,2018-03-14 19:50:53+00:00,7065.0,{'stop_loss_price': 7065.0}
INVALID_RISK_UNIT,risk_unit == 0 or non-finite,NQM18-CME,977412,2018-03-14 23:48:25.041000+00:00,7056.75,{'stop_loss_price': 7056.75}
INVALID_RISK_UNIT,risk_unit == 0 or non-finite,NQM18-CME,977413,2018-03-14 23:48:25.042000+00:00,7056.75,{'stop_loss_price': 7056.75}
INVALID_RISK_UNIT,risk_unit == 0 or non-finite,NQM18-CME,977415,2018-03-14 23:48:28+00:00,7056.75,{'stop_loss_price': 7056.75}
INVALID_RISK_UNIT,risk_unit == 0 or non-finite,NQM18-CME,986742,2018-03-15 01:30:24+00:00,7037.75,{'stop_loss_price': 7037.75}
INVALID_RISK_UNIT,risk_unit == 0 or non-finite,NQM18-CME,986743,2018-03-15 01:30:24.001000+00:00,7037.75,{'stop_loss_price': 7037.75}
INVALID_RISK_UNIT,risk_unit == 0 or non-finite,NQM18-CME,986744,2018-03-15 01:30:24.002000+00:00,7037.75,{'stop_loss_price': 7037.75}
INVALID_RISK_UNIT,risk_unit == 0 or non-finite,NQM18-CME,986746,2018-03-15 01:30:26+00:00,7037.75,{'stop_loss_price': 7037.75}
INVALID_RISK_UNIT,risk_unit == 0 or non-finite,NQM18-CME,1011906,2018-03-15 10:52:31+00:00,7056.0,{'stop_loss_price': 7056.0}
INVALID_RISK_UNIT,risk_unit == 0 or non-finite,NQM18-CME,1018310,2018-03-15 12:17:11.006000+00:00,7052.25,{'stop_loss_price': 7052.25}
INVALID_RISK_UNIT,risk_unit == 0 or non-finite,NQM18-CME,1018311,2018-03-15 12:17:11.007000+00:00,7052.25,{'stop_loss_price': 7052.25}
INVALID_RISK_UNIT,risk_unit == 0 or non-finite,NQM18-CME,1018312,2018-03-15 12:17:11.008000+00:00,7052.25,{'stop_loss_price': 7052.25}
INVALID_RISK_UNIT,risk_unit == 0 or non-finite,NQM18-CME,1018313,2018-03-15 12:17:11.009000+00:00,7052.25,{'stop_loss_price': 7052.25}
INVALID_RISK_UNIT,risk_unit == 0 or non-finite,NQM18-CME,1018314,2018-03-15 12:17:11.010000+00:00,7052.25,{'stop_loss_price': 7052.25}
INVALID_RISK_UNIT,risk_unit == 0 or non-finite,NQM18-CME,1018315,2018-03-15 12:17:11.011000+00:00,7052.25,{'stop_loss_price': 7052.25}
INVALID_RISK_UNIT,risk_unit == 0 or non-finite,NQM18-CME,1018316,2018-03-15 12:17:11.012000+00:00,7052.25,{'stop_loss_price': 7052.25}
INVALID_RISK_UNIT,risk_unit == 0 or non-finite,NQM18-CME,1018317,2018-03-15 12:17:11.013000+00:00,7052.25,{'stop_loss_price': 7052.25}
INVALID_RISK_UNIT,risk_unit == 0 or non-finite,NQM18-CME,1018319,2018-03-15 12:17:14+00:00,7052.25,{'stop_loss_price': 7052.25}
INVALID_RISK_UNIT,risk_unit == 0 or non-finite,NQM18-CME,1049473,2018-03-15 13:48:37.005000+00:00,7043.5,{'stop_loss_price': 7043.5}
INVALID_RISK_UNIT,risk_unit == 0 or non-finite,NQM18-CME,1049474,2018-03-15 13:48:37.006000+00:00,7043.5,{'stop_loss_price': 7043.5}
INVALID_RISK_UNIT,risk_unit == 0 or non-finite,NQM18-CME,1049475,2018-03-15 13:48:37.007000+00:00,7043.5,{'stop_loss_price': 7043.5}
INVALID_RISK_UNIT,risk_unit == 0 or non-finite,NQM18-CME,1049476,2018-03-15 13:48:37.008000+00:00,7043.5,{'stop_loss_price': 7043.5}
INVALID_RISK_UNIT,risk_unit == 0 or non-finite,NQM18-CME,1049477,2018-03-15 13:48:37.009000+00:00,7043.5,{'stop_loss_price': 7043.5}
INVALID_RISK_UNIT,risk_unit == 0 or non-finite,NQM18-CME,1049478,2018-03-15 13:48:37.010000+00:00,7043.5,{'stop_loss_price': 7043.5}
INVALID_RISK_UNIT,risk_unit == 0 or non-finite,NQM18-CME,1049479,2018-03-15 13:48:37.011000+00:00,7043.5,{'stop_loss_price': 7043.5}
INVALID_RISK_UNIT,risk_unit == 0 or non-finite,NQM18-CME,1049480,2018-03-15 13:48:37.012000+00:00,7043.5,{'stop_loss_price': 7043.5}
INVALID_RISK_UNIT,risk_unit == 0 or non-finite,NQM18-CME,1049481,2018-03-15 13:48:37.013000+00:00,7043.5,{'stop_loss_price': 7043.5}
INVALID_RISK_UNIT,risk_unit == 0 or non-finite,NQM18-CME,1049482,2018-03-15 13:48:37.014000+00:00,7043.5,{'stop_loss_price': 7043.5}
INVALID_RISK_UNIT,risk_unit == 0 or non-finite,NQM18-CME,1049485,2018-03-15 13:48:37.017000+00:00,7043.5,{'stop_loss_price': 7043.5}
INVALID_RISK_UNIT,risk_unit == 0 or non-finite,NQM18-CME,1065800,2018-03-15 14:05:00.010000+00:00,7067.5,{'stop_loss_price': 7067.5}
INVALID_RISK_UNIT,risk_unit == 0 or non-finite,NQM18-CME,1074470,2018-03-15 14:15:13+00:00,7065.0,{'stop_loss_price': 7065.0}
INVALID_RISK_UNIT,risk_unit == 0 or non-finite,NQM18-CME,1097872,2018-03-15 14:50:47.012000+00:00,7067.25,{'stop_loss_price': 7067.25}
INVALID_RISK_UNIT,risk_unit == 0 or non-finite,NQM18-CME,1097873,2018-03-15 14:50:47.013000+00:00,7067.25,{'stop_loss_price': 7067.25}
INVALID_RISK_UNIT,risk_unit == 0 or non-finite,NQM18-CME,1097874,2018-03-15 14:50:47.014000+00:00,7067.25,{'stop_loss_price': 7067.25}
INVALID_RISK_UNIT,risk_unit == 0 or non-finite,NQM18-CME,1097875,2018-03-15 14:50:47.015000+00:00,7067.25,{'stop_loss_price': 7067.25}
INVALID_RISK_UNIT,risk_unit == 0 or non-finite,NQM18-CME,1097876,2018-03-15 14:50:47.016000+00:00,7067.25,{'stop_loss_price': 7067.25}
INVALID_RISK_UNIT,risk_unit == 0 or non-finite,NQM18-CME,1097880,2018-03-15 14:50:47.020000+00:00,7067.25,{'stop_loss_price': 7067.25}
INVALID_RISK_UNIT,risk_unit == 0 or non-finite,NQM18-CME,1097881,2018-03-15 14:50:47.021000+00:00,7067.25,{'stop_loss_price': 7067.25}
INVALID_RISK_UNIT,risk_unit == 0 or non-finite,NQM18-CME,1097882,2018-03-15 14:50:47.022000+00:00,7067.25,{'stop_loss_price': 7067.25}
INVALID_RISK_UNIT,risk_unit == 0 or non-finite,NQM18-CME,1097883,2018-03-15 14:50:47.023000+00:00,7067.25,{'stop_loss_price': 7067.25}
INVALID_RISK_UNIT,risk_unit == 0 or non-finite,NQM18-CME,1097884,2018-03-15 14:50:47.024000+00:00,7067.25,{'stop_loss_price': 7067.25}
INVALID_RISK_UNIT,risk_unit == 0 or non-finite,NQM18-CME,1097885,2018-03-15 14:50:47.025000+00:00,7067.25,{'stop_loss_price': 7067.25}
INVALID_RISK_UNIT,risk_unit == 0 or non-finite,NQM18-CME,1097886,2018-03-15 14:50:47.026000+00:00,7067.25,{'stop_loss_price': 7067.25}
INVALID_RISK_UNIT,risk_unit == 0 or non-finite,NQM18-CME,1114799,2018-03-15 15:19:15.003000+00:00,7093.25,{'stop_loss_price': 7093.25}
INVALID_RISK_UNIT,risk_unit == 0 or non-finite,NQM18-CME,1119834,2018-03-15 15:29:45+00:00,7096.25,{'stop_loss_price': 7096.25}
INVALID_RISK_UNIT,risk_unit == 0 or non-finite,NQM18-CME,1119835,2018-03-15 15:29:45.001000+00:00,7096.25,{'stop_loss_price': 7096.25}
INVALID_RISK_UNIT,risk_unit == 0 or non-finite,NQM18-CME,1119836,2018-03-15 15:29:45.002000+00:00,7096.25,{'stop_loss_price': 7096.25}
INVALID_RISK_UNIT,risk_unit == 0 or non-finite,NQM18-CME,1141884,2018-03-15 16:18:09+00:00,7072.0,{'stop_loss_price': 7072.0}
INVALID_RISK_UNIT,risk_unit == 0 or non-finite,NQM18-CME,1141885,2018-03-15 16:18:09.001000+00:00,7072.0,{'stop_loss_price': 7072.0}
INVALID_RISK_UNIT,risk_unit == 0 or non-finite,NQM18-CME,1141886,2018-03-15 16:18:09.002000+00:00,7072.0,{'stop_loss_price': 7072.0}
INVALID_RISK_UNIT,risk_unit == 0 or non-finite,NQM18-CME,1141887,2018-03-15 16:18:09.003000+00:00,7072.0,{'stop_loss_price': 7072.0}
INVALID_RISK_UNIT,risk_unit == 0 or non-finite,NQM18-CME,1141888,2018-03-15 16:18:09.004000+00:00,7072.0,{'stop_loss_price': 7072.0}
INVALID_RISK_UNIT,risk_unit == 0 or non-finite,NQM18-CME,1141889,2018-03-15 16:18:09.005000+00:00,7072.0,{'stop_loss_price': 7072.0}
INVALID_RISK_UNIT,risk_unit == 0 or non-finite,NQM18-CME,1141890,2018-03-15 16:18:09.006000+00:00,7072.0,{'stop_loss_price': 7072.0}
INVALID_RISK_UNIT,risk_unit == 0 or non-finite,NQM18-CME,1141891,2018-03-15 16:18:09.007000+00:00,7072.0,{'stop_loss_price': 7072.0}
INVALID_RISK_UNIT,risk_unit == 0 or non-finite,NQM18-CME,1156575,2018-03-15 16:53:15+00:00,7074.75,{'stop_loss_price': 7074.75}
INVALID_RISK_UNIT,risk_unit == 0 or non-finite,NQM18-CME,1185051,2018-03-15 18:00:15.004000+00:00,7036.75,{'stop_loss_price': 7036.75}
INVALID_RISK_UNIT,risk_unit == 0 or non-finite,NQM18-CME,1200913,2018-03-15 18:34:56+00:00,7046.5,{'stop_loss_price': 7046.5}
INVALID_RISK_UNIT,risk_unit == 0 or non-finite,NQM18-CME,1200914,2018-03-15 18:34:56.001000+00:00,7046.5,{'stop_loss_price': 7046.5}
INVALID_RISK_UNIT,risk_unit == 0 or non-finite,NQM18-CME,1200915,2018-03-15 18:34:56.002000+00:00,7046.5,{'stop_loss_price': 7046.5}
INVALID_RISK_UNIT,risk_unit == 0 or non-finite,NQM18-CME,1200916,2018-03-15 18:34:56.003000+00:00,7046.5,{'stop_loss_price': 7046.5}
INVALID_RISK_UNIT,risk_unit == 0 or non-finite,NQM18-CME,1200917,2018-03-15 18:34:56.004000+00:00,7046.5,{'stop_loss_price': 7046.5}
INVALID_RISK_UNIT,risk_unit == 0 or non-finite,NQM18-CME,1200918,2018-03-15 18:34:56.005000+00:00,7046.5,{'stop_loss_price': 7046.5}
INVALID_RISK_UNIT,risk_unit == 0 or non-finite,NQM18-CME,1200919,2018-03-15 18:34:56.006000+00:00,7046.5,{'stop_loss_price': 7046.5}
INVALID_RISK_UNIT,risk_unit == 0 or non-finite,NQM18-CME,1200920,2018-03-15 18:34:56.007000+00:00,7046.5,{'stop_loss_price': 7046.5}
INVALID_RISK_UNIT,risk_unit == 0 or non-finite,NQM18-CME,1283729,2018-03-16 13:03:33+00:00,7074.5,{'stop_loss_price': 7074.5}
INVALID_RISK_UNIT,risk_unit == 0 or non-finite,NQM18-CME,1283730,2018-03-16 13:03:33.001000+00:00,7074.5,{'stop_loss_price': 7074.5}
INVALID_RISK_UNIT,risk_unit == 0 or non-finite,NQM18-CME,1283731,2018-03-16 13:03:33.002000+00:00,7074.5,{'stop_loss_price': 7074.5}
INVALID_RISK_UNIT,risk_unit == 0 or non-finite,NQM18-CME,1283732,2018-03-16 13:03:33.003000+00:00,7074.5,{'stop_loss_price': 7074.5}
INVALID_RISK_UNIT,risk_unit == 0 or non-finite,NQM18-CME,1283733,2018-03-16 13:03:33.004000+00:00,7074.5,{'stop_loss_price': 7074.5}
INVALID_RISK_UNIT,risk_unit == 0 or non-finite,NQM18-CME,1283734,2018-03-16 13:03:33.005000+00:00,7074.5,{'stop_loss_price': 7074.5}
INVALID_RISK_UNIT,risk_unit == 0 or non-finite,NQM18-CME,1286590,2018-03-16 13:15:38+00:00,7065.0,{'stop_loss_price': 7065.0}
INVALID_RISK_UNIT,risk_unit == 0 or non-finite,NQM18-CME,1305126,2018-03-16 13:40:54+00:00,7069.25,{'stop_loss_price': 7069.25}
INVALID_RISK_UNIT,risk_unit == 0 or non-finite,NQM18-CME,1305127,2018-03-16 13:40:54.001000+00:00,7069.25,{'stop_loss_price': 7069.25}
INVALID_RISK_UNIT,risk_unit == 0 or non-finite,NQM18-CME,1351414,2018-03-16 14:51:20+00:00,7074.25,{'stop_loss_price': 7074.25}
INVALID_RISK_UNIT,risk_unit == 0 or non-finite,NQM18-CME,1351415,2018-03-16 14:51:20.001000+00:00,7074.25,{'stop_loss_price': 7074.25}
INVALID_RISK_UNIT,risk_unit == 0 or non-finite,NQM18-CME,1364927,2018-03-16 15:19:59.001000+00:00,7063.5,{'stop_loss_price': 7063.5}
INVALID_RISK_UNIT,risk_unit == 0 or non-finite,NQM18-CME,1393817,2018-03-16 16:11:47+00:00,7039.75,{'stop_loss_price': 7039.75}
INVALID_RISK_UNIT,risk_unit == 0 or non-finite,NQM18-CME,1395653,2018-03-16 16:15:36.013000+00:00,7044.25,{'stop_loss_price': 7044.25}
INVALID_RISK_UNIT,risk_unit == 0 or non-finite,NQM18-CME,1395654,2018-03-16 16:15:36.014000+00:00,7044.25,{'stop_loss_price': 7044.25}
INVALID_RISK_UNIT,risk_unit == 0 or non-finite,NQM18-CME,1395655,2018-03-16 16:15:36.015000+00:00,7044.25,{'stop_loss_price': 7044.25}
INVALID_RISK_UNIT,risk_unit == 0 or non-finite,NQM18-CME,1395656,2018-03-16 16:15:36.016000+00:00,7044.25,{'stop_loss_price': 7044.25}
INVALID_RISK_UNIT,risk_unit == 0 or non-finite,NQM18-CME,1418238,2018-03-16 17:25:14.044000+00:00,7045.5,{'stop_loss_price': 7045.5}
INVALID_RISK_UNIT,risk_unit == 0 or non-finite,NQM18-CME,1418239,2018-03-16 17:25:14.045000+00:00,7045.5,{'stop_loss_price': 7045.5}
INVALID_RISK_UNIT,risk_unit == 0 or non-finite,NQM18-CME,1418240,2018-03-16 17:25:14.046000+00:00,7045.5,{'stop_loss_price': 7045.5}
INVALID_RISK_UNIT,risk_unit == 0 or non-finite,NQM18-CME,1418241,2018-03-16 17:25:14.047000+00:00,7045.5,{'stop_loss_price': 7045.5}
INVALID_RISK_UNIT,risk_unit == 0 or non-finite,NQM18-CME,1418242,2018-03-16 17:25:14.048000+00:00,7045.5,{'stop_loss_price': 7045.5}
INVALID_RISK_UNIT,risk_unit == 0 or non-finite,NQM18-CME,1418243,2018-03-16 17:25:14.049000+00:00,7045.5,{'stop_loss_price': 7045.5}
INVALID_RISK_UNIT,risk_unit == 0 or non-finite,NQM18-CME,1418244,2018-03-16 17:25:14.050000+00:00,7045.5,{'stop_loss_price': 7045.5}
INVALID_RISK_UNIT,risk_unit == 0 or non-finite,NQM18-CME,1418245,2018-03-16 17:25:14.051000+00:00,7045.5,{'stop_loss_price': 7045.5}
INVALID_RISK_UNIT,risk_unit == 0 or non-finite,NQM18-CME,1418246,2018-03-16 17:25:14.052000+00:00,7045.5,{'stop_loss_price': 7045.5}
INVALID_RISK_UNIT,risk_unit == 0 or non-finite,NQM18-CME,1418247,2018-03-16 17:25:14.053000+00:00,7045.5,{'stop_loss_price': 7045.5}
INVALID_RISK_UNIT,risk_unit == 0 or non-finite,NQM18-CME,1418248,2018-03-16 17:25:14.054000+00:00,7045.5,{'stop_loss_price': 7045.5}
INVALID_RISK_UNIT,risk_unit == 0 or non-finite,NQM18-CME,1418252,2018-03-16 17:25:14.058000+00:00,7045.5,{'stop_loss_price': 7045.5}
INVALID_RISK_UNIT,risk_unit == 0 or non-finite,NQM18-CME,1418253,2018-03-16 17:25:14.059000+00:00,7045.5,{'stop_loss_price': 7045.5}
INVALID_RISK_UNIT,risk_unit == 0 or non-finite,NQM18-CME,1418254,2018-03-16 17:25:14.060000+00:00,7045.5,{'stop_loss_price': 7045.5}
INVALID_RISK_UNIT,risk_unit == 0 or non-finite,NQM18-CME,1418255,2018-03-16 17:25:14.061000+00:00,7045.5,{'stop_loss_price': 7045.5}
INVALID_RISK_UNIT,risk_unit == 0 or non-finite,NQM18-CME,1418256,2018-03-16 17:25:14.062000+00:00,7045.5,{'stop_loss_price': 7045.5}
INVALID_RISK_UNIT,risk_unit == 0 or non-finite,NQM18-CME,1418257,2018-03-16 17:25:14.063000+00:00,7045.5,{'stop_loss_price': 7045.5}
INVALID_RISK_UNIT,risk_unit == 0 or non-finite,NQM18-CME,1418258,2018-03-16 17:25:14.064000+00:00,7045.5,{'stop_loss_price': 7045.5}
INVALID_RISK_UNIT,risk_unit == 0 or non-finite,NQM18-CME,1418259,2018-03-16 17:25:14.065000+00:00,7045.5,{'stop_loss_price': 7045.5}
INVALID_RISK_UNIT,risk_unit == 0 or non-finite,NQM18-CME,1418260,2018-03-16 17:25:14.066000+00:00,7045.5,{'stop_loss_price': 7045.5}
INVALID_RISK_UNIT,risk_unit == 0 or non-finite,NQM18-CME,1418261,2018-03-16 17:25:14.067000+00:00,7045.5,{'stop_loss_price': 7045.5}
INVALID_RISK_UNIT,risk_unit == 0 or non-finite,NQM18-CME,1418262,2018-03-16 17:25:14.068000+00:00,7045.5,{'stop_loss_price': 7045.5}
INVALID_RISK_UNIT,risk_unit == 0 or non-finite,NQM18-CME,1418263,2018-03-16 17:25:14.069000+00:00,7045.5,{'stop_loss_price': 7045.5}
INVALID_RISK_UNIT,risk_unit == 0 or non-finite,NQM18-CME,1418264,2018-03-16 17:25:14.070000+00:00,7045.5,{'stop_loss_price': 7045.5}
INVALID_RISK_UNIT,risk_unit == 0 or non-finite,NQM18-CME,1418265,2018-03-16 17:25:14.071000+00:00,7045.5,{'stop_loss_price': 7045.5}
INVALID_RISK_UNIT,risk_unit == 0 or non-finite,NQM18-CME,1418266,2018-03-16 17:25:14.072000+00:00,7045.5,{'stop_loss_price': 7045.5}
INVALID_RISK_UNIT,risk_unit == 0 or non-finite,NQM18-CME,1418267,2018-03-16 17:25:14.073000+00:00,7045.5,{'stop_loss_price': 7045.5}
INVALID_RISK_UNIT,risk_unit == 0 or non-finite,NQM18-CME,1418268,2018-03-16 17:25:14.074000+00:00,7045.5,{'stop_loss_price': 7045.5}
INVALID_RISK_UNIT,risk_unit == 0 or non-finite,NQM18-CME,1515822,2018-03-19 08:48:50.009000+00:00,6946.25,{'stop_loss_price': 6946.25}
INVALID_RISK_UNIT,risk_unit == 0 or non-finite,NQM18-CME,1515823,2018-03-19 08:48:50.010000+00:00,6946.25,{'stop_loss_price': 6946.25}
INVALID_RISK_UNIT,risk_unit == 0 or non-finite,NQM18-CME,1515824,2018-03-19 08:48:50.011000+00:00,6946.25,{'stop_loss_price': 6946.25}
INVALID_RISK_UNIT,risk_unit == 0 or non-finite,NQM18-CME,1515825,2018-03-19 08:48:50.012000+00:00,6946.25,{'stop_loss_price': 6946.25}
INVALID_RISK_UNIT,risk_unit == 0 or non-finite,NQM18-CME,1529955,2018-03-19 11:40:57.009000+00:00,6944.25,{'stop_loss_price': 6944.25}
INVALID_RISK_UNIT,risk_unit == 0 or non-finite,NQM18-CME,1561191,2018-03-19 13:38:03.006000+00:00,6952.5,{'stop_loss_price': 6952.5}
INVALID_RISK_UNIT,risk_unit == 0 or non-finite,NQM18-CME,1561192,2018-03-19 13:38:03.007000+00:00,6952.5,{'stop_loss_price': 6952.5}
INVALID_RISK_UNIT,risk_unit == 0 or non-finite,NQM18-CME,1561193,2018-03-19 13:38:03.008000+00:00,6952.5,{'stop_loss_price': 6952.5}
INVALID_RISK_UNIT,risk_unit == 0 or non-finite,NQM18-CME,1561194,2018-03-19 13:38:03.009000+00:00,6952.5,{'stop_loss_price': 6952.5}
INVALID_RISK_UNIT,risk_unit == 0 or non-finite,NQM18-CME,1561195,2018-03-19 13:38:03.010000+00:00,6952.5,{'stop_loss_price': 6952.5}
INVALID_RISK_UNIT,risk_unit == 0 or non-finite,NQM18-CME,1615086,2018-03-19 14:34:45.006000+00:00,6951.75,{'stop_loss_price': 6951.75}
INVALID_RISK_UNIT,risk_unit == 0 or non-finite,NQM18-CME,1615087,2018-03-19 14:34:45.007000+00:00,6951.75,{'stop_loss_price': 6951.75}
INVALID_RISK_UNIT,risk_unit == 0 or non-finite,NQM18-CME,1615088,2018-03-19 14:34:45.008000+00:00,6951.75,{'stop_loss_price': 6951.75}
INVALID_RISK_UNIT,risk_unit == 0 or non-finite,NQM18-CME,1615089,2018-03-19 14:34:45.009000+00:00,6951.75,{'stop_loss_price': 6951.75}
INVALID_RISK_UNIT,risk_unit == 0 or non-finite,NQM18-CME,1615090,2018-03-19 14:34:45.010000+00:00,6951.75,{'stop_loss_price': 6951.75}
INVALID_RISK_UNIT,risk_unit == 0 or non-finite,NQM18-CME,1615091,2018-03-19 14:34:45.011000+00:00,6951.75,{'stop_loss_price': 6951.75}
INVALID_RISK_UNIT,risk_unit == 0 or non-finite,NQM18-CME,1630352,2018-03-19 14:53:51.027000+00:00,6917.25,{'stop_loss_price': 6917.25}
INVALID_RISK_UNIT,risk_unit == 0 or non-finite,NQM18-CME,1630353,2018-03-19 14:53:51.028000+00:00,6917.25,{'stop_loss_price': 6917.25}
INVALID_RISK_UNIT,risk_unit == 0 or non-finite,NQM18-CME,1630354,2018-03-19 14:53:51.029000+00:00,6917.25,{'stop_loss_price': 6917.25}
INVALID_RISK_UNIT,risk_unit == 0 or non-finite,NQM18-CME,1630355,2018-03-19 14:53:51.030000+00:00,6917.25,{'stop_loss_price': 6917.25}
INVALID_RISK_UNIT,risk_unit == 0 or non-finite,NQM18-CME,1630356,2018-03-19 14:53:51.031000+00:00,6917.25,{'stop_loss_price': 6917.25}
INVALID_RISK_UNIT,risk_unit == 0 or non-finite,NQM18-CME,1630357,2018-03-19 14:53:51.032000+00:00,6917.25,{'stop_loss_price': 6917.25}
INVALID_RISK_UNIT,risk_unit == 0 or non-finite,NQM18-CME,1630358,2018-03-19 14:53:51.033000+00:00,6917.25,{'stop_loss_price': 6917.25}
INVALID_RISK_UNIT,risk_unit == 0 or non-finite,NQM18-CME,1630359,2018-03-19 14:53:51.034000+00:00,6917.25,{'stop_loss_price': 6917.25}
INVALID_RISK_UNIT,risk_unit == 0 or non-finite,NQM18-CME,1630360,2018-03-19 14:53:51.035000+00:00,6917.25,{'stop_loss_price': 6917.25}
INVALID_RISK_UNIT,risk_unit == 0 or non-finite,NQM18-CME,1630361,2018-03-19 14:53:51.036000+00:00,6917.25,{'stop_loss_price': 6917.25}
INVALID_RISK_UNIT,risk_unit == 0 or non-finite,NQM18-CME,1630362,2018-03-19 14:53:51.037000+00:00,6917.25,{'stop_loss_price': 6917.25}
INVALID_RISK_UNIT,risk_unit == 0 or non-finite,NQM18-CME,1630363,2018-03-19 14:53:51.038000+00:00,6917.25,{'stop_loss_price': 6917.25}
INVALID_RISK_UNIT,risk_unit == 0 or non-finite,NQM18-CME,1636227,2018-03-19 14:58:07.021000+00:00,6908.0,{'stop_loss_price': 6908.0}
INVALID_RISK_UNIT,risk_unit == 0 or non-finite,NQM18-CME,1645025,2018-03-19 15:07:02.018000+00:00,6908.0,{'stop_loss_price': 6908.0}
INVALID_RISK_UNIT,risk_unit == 0 or non-finite,NQM18-CME,1645026,2018-03-19 15:07:02.019000+00:00,6908.0,{'stop_loss_price': 6908.0}
INVALID_RISK_UNIT,risk_unit == 0 or non-finite,NQM18-CME,1740719,2018-03-19 16:35:23.002000+00:00,6858.25,{'stop_loss_price': 6858.25}
INVALID_RISK_UNIT,risk_unit == 0 or non-finite,NQM18-CME,1741318,2018-03-19 16:36:28.009000+00:00,6857.25,{'stop_loss_price': 6857.25}
INVALID_RISK_UNIT,risk_unit == 0 or non-finite,NQM18-CME,1741319,2018-03-19 16:36:28.010000+00:00,6857.25,{'stop_loss_price': 6857.25}
INVALID_RISK_UNIT,risk_unit == 0 or non-finite,NQM18-CME,1741320,2018-03-19 16:36:28.011000+00:00,6857.25,{'stop_loss_price': 6857.25}
INVALID_RISK_UNIT,risk_unit == 0 or non-finite,NQM18-CME,1741321,2018-03-19 16:36:28.012000+00:00,6857.25,{'stop_loss_price': 6857.25}
INVALID_RISK_UNIT,risk_unit == 0 or non-finite,NQM18-CME,1741322,2018-03-19 16:36:28.013000+00:00,6857.25,{'stop_loss_price': 6857.25}
INVALID_RISK_UNIT,risk_unit == 0 or non-finite,NQM18-CME,1741323,2018-03-19 16:36:28.014000+00:00,6857.25,{'stop_loss_price': 6857.25}
INVALID_RISK_UNIT,risk_unit == 0 or non-finite,NQM18-CME,1741324,2018-03-19 16:36:28.015000+00:00,6857.25,{'stop_loss_price': 6857.25}
INVALID_RISK_UNIT,risk_unit == 0 or non-finite,NQM18-CME,1741325,2018-03-19 16:36:28.016000+00:00,6857.25,{'stop_loss_price': 6857.25}
INVALID_RISK_UNIT,risk_unit == 0 or non-finite,NQM18-CME,1771699,2018-03-19 17:09:29.020000+00:00,6834.25,{'stop_loss_price': 6834.25}
INVALID_RISK_UNIT,risk_unit == 0 or non-finite,NQM18-CME,1771700,2018-03-19 17:09:29.021000+00:00,6834.25,{'stop_loss_price': 6834.25}
INVALID_RISK_UNIT,risk_unit == 0 or non-finite,NQM18-CME,1771701,2018-03-19 17:09:29.022000+00:00,6834.25,{'stop_loss_price': 6834.25}
INVALID_RISK_UNIT,risk_unit == 0 or non-finite,NQM18-CME,1771702,2018-03-19 17:09:29.023000+00:00,6834.25,{'stop_loss_price': 6834.25}
INVALID_RISK_UNIT,risk_unit == 0 or non-finite,NQM18-CME,1771703,2018-03-19 17:09:29.024000+00:00,6834.25,{'stop_loss_price': 6834.25}
INVALID_RISK_UNIT,risk_unit == 0 or non-finite,NQM18-CME,1771704,2018-03-19 17:09:29.025000+00:00,6834.25,{'stop_loss_price': 6834.25}
INVALID_RISK_UNIT,risk_unit == 0 or non-finite,NQM18-CME,1771705,2018-03-19 17:09:29.026000+00:00,6834.25,{'stop_loss_price': 6834.25}
INVALID_RISK_UNIT,risk_unit == 0 or non-finite,NQM18-CME,1771706,2018-03-19 17:09:29.027000+00:00,6834.25,{'stop_loss_price': 6834.25}
INVALID_RISK_UNIT,risk_unit == 0 or non-finite,NQM18-CME,1771707,2018-03-19 17:09:29.028000+00:00,6834.25,{'stop_loss_price': 6834.25}
INVALID_RISK_UNIT,risk_unit == 0 or non-finite,NQM18-CME,1771708,2018-03-19 17:09:29.029000+00:00,6834.25,{'stop_loss_price': 6834.25}
INVALID_RISK_UNIT,risk_unit == 0 or non-finite,NQM18-CME,1771709,2018-03-19 17:09:29.030000+00:00,6834.25,{'stop_loss_price': 6834.25}
INVALID_RISK_UNIT,risk_unit == 0 or non-finite,NQM18-CME,1771710,2018-03-19 17:09:29.031000+00:00,6834.25,{'stop_loss_price': 6834.25}
INVALID_RISK_UNIT,risk_unit == 0 or non-finite,NQM18-CME,1771711,2018-03-19 17:09:29.032000+00:00,6834.25,{'stop_loss_price': 6834.25}
INVALID_RISK_UNIT,risk_unit == 0 or non-finite,NQM18-CME,1771712,2018-03-19 17:09:29.033000+00:00,6834.25,{'stop_loss_price': 6834.25}
INVALID_RISK_UNIT,risk_unit == 0 or non-finite,NQM18-CME,1771713,2018-03-19 17:09:29.034000+00:00,6834.25,{'stop_loss_price': 6834.25}
INVALID_RISK_UNIT,risk_unit == 0 or non-finite,NQM18-CME,1776060,2018-03-19 17:14:06.013000+00:00,6832.75,{'stop_loss_price': 6832.75}
INVALID_RISK_UNIT,risk_unit == 0 or non-finite,NQM18-CME,1776061,2018-03-19 17:14:06.014000+00:00,6832.75,{'stop_loss_price': 6832.75}
INVALID_RISK_UNIT,risk_unit == 0 or non-finite,NQM18-CME,1776062,2018-03-19 17:14:06.015000+00:00,6832.75,{'stop_loss_price': 6832.75}
INVALID_RISK_UNIT,risk_unit == 0 or non-finite,NQM18-CME,1776063,2018-03-19 17:14:06.016000+00:00,6832.75,{'stop_loss_price': 6832.75}
INVALID_RISK_UNIT,risk_unit == 0 or non-finite,NQM18-CME,1776064,2018-03-19 17:14:06.017000+00:00,6832.75,{'stop_loss_price': 6832.75}
INVALID_RISK_UNIT,risk_unit == 0 or non-finite,NQM18-CME,1883700,2018-03-19 19:37:00+00:00,6852.0,{'stop_loss_price': 6852.0}
INVALID_RISK_UNIT,risk_unit == 0 or non-finite,NQM18-CME,1883701,2018-03-19 19:37:00.001000+00:00,6852.0,{'stop_loss_price': 6852.0}
INVALID_RISK_UNIT,risk_unit == 0 or non-finite,NQM18-CME,1883702,2018-03-19 19:37:00.002000+00:00,6852.0,{'stop_loss_price': 6852.0}
INVALID_RISK_UNIT,risk_unit == 0 or non-finite,NQM18-CME,1883703,2018-03-19 19:37:00.003000+00:00,6852.0,{'stop_loss_price': 6852.0}
INVALID_RISK_UNIT,risk_unit == 0 or non-finite,NQM18-CME,1883704,2018-03-19 19:37:00.004000+00:00,6852.0,{'stop_loss_price': 6852.0}
INVALID_RISK_UNIT,risk_unit == 0 or non-finite,NQM18-CME,1883705,2018-03-19 19:37:00.005000+00:00,6852.0,{'stop_loss_price': 6852.0}
INVALID_RISK_UNIT,risk_unit == 0 or non-finite,NQM18-CME,1883706,2018-03-19 19:37:00.006000+00:00,6852.0,{'stop_loss_price': 6852.0}
INVALID_RISK_UNIT,risk_unit == 0 or non-finite,NQM18-CME,1928941,2018-03-19 23:55:38.005000+00:00,6885.75,{'stop_loss_price': 6885.75}
INVALID_RISK_UNIT,risk_unit == 0 or non-finite,NQM18-CME,1928942,2018-03-19 23:55:38.006000+00:00,6885.75,{'stop_loss_price': 6885.75}
INVALID_RISK_UNIT,risk_unit == 0 or non-finite,NQM18-CME,1928943,2018-03-19 23:55:38.007000+00:00,6885.75,{'stop_loss_price': 6885.75}
INVALID_RISK_UNIT,risk_unit == 0 or non-finite,NQM18-CME,1928944,2018-03-19 23:55:38.008000+00:00,6885.75,{'stop_loss_price': 6885.75}
INVALID_RISK_UNIT,risk_unit == 0 or non-finite,NQM18-CME,1937984,2018-03-20 02:19:37+00:00,6886.25,{'stop_loss_price': 6886.25}
INVALID_RISK_UNIT,risk_unit == 0 or non-finite,NQM18-CME,1937985,2018-03-20 02:19:37.001000+00:00,6886.25,{'stop_loss_price': 6886.25}
INVALID_RISK_UNIT,risk_unit == 0 or non-finite,NQM18-CME,1951893,2018-03-20 08:04:28.001000+00:00,6892.0,{'stop_loss_price': 6892.0}
INVALID_RISK_UNIT,risk_unit == 0 or non-finite,NQM18-CME,1951894,2018-03-20 08:04:28.002000+00:00,6892.0,{'stop_loss_price': 6892.0}
INVALID_RISK_UNIT,risk_unit == 0 or non-finite,NQM18-CME,1955637,2018-03-20 09:08:23+00:00,6891.5,{'stop_loss_price': 6891.5}
INVALID_RISK_UNIT,risk_unit == 0 or non-finite,NQM18-CME,2011092,2018-03-20 13:41:12.013000+00:00,6904.25,{'stop_loss_price': 6904.25}
INVALID_RISK_UNIT,risk_unit == 0 or non-finite,NQM18-CME,2019498,2018-03-20 13:46:26.089000+00:00,6915.25,{'stop_loss_price': 6915.25}
INVALID_RISK_UNIT,risk_unit == 0 or non-finite,NQM18-CME,2019499,2018-03-20 13:46:26.090000+00:00,6915.25,{'stop_loss_price': 6915.25}
INVALID_RISK_UNIT,risk_unit == 0 or non-finite,NQM18-CME,2019500,2018-03-20 13:46:26.091000+00:00,6915.25,{'stop_loss_price': 6915.25}
INVALID_RISK_UNIT,risk_unit == 0 or non-finite,NQM18-CME,2036979,2018-03-20 14:04:07.023000+00:00,6895.5,{'stop_loss_price': 6895.5}
INVALID_RISK_UNIT,risk_unit == 0 or non-finite,NQM18-CME,2059321,2018-03-20 14:26:36.003000+00:00,6888.25,{'stop_loss_price': 6888.25}
INVALID_RISK_UNIT,risk_unit == 0 or non-finite,NQM18-CME,2059322,2018-03-20 14:26:36.004000+00:00,6888.25,{'stop_loss_price': 6888.25}
INVALID_RISK_UNIT,risk_unit == 0 or non-finite,NQM18-CME,2059323,2018-03-20 14:26:36.005000+00:00,6888.25,{'stop_loss_price': 6888.25}
INVALID_RISK_UNIT,risk_unit == 0 or non-finite,NQM18-CME,2059324,2018-03-20 14:26:36.006000+00:00,6888.25,{'stop_loss_price': 6888.25}
INVALID_RISK_UNIT,risk_unit == 0 or non-finite,NQM18-CME,2126782,2018-03-20 15:57:48.004000+00:00,6873.25,{'stop_loss_price': 6873.25}
INVALID_RISK_UNIT,risk_unit == 0 or non-finite,NQM18-CME,2244965,2018-03-20 22:05:18+00:00,6916.25,{'stop_loss_price': 6916.25}
INVALID_RISK_UNIT,risk_unit == 0 or non-finite,NQM18-CME,2245316,2018-03-20 22:28:18+00:00,6916.75,{'stop_loss_price': 6916.75}
INVALID_RISK_UNIT,risk_unit == 0 or non-finite,NQM18-CME,2334287,2018-03-21 14:17:18.010000+00:00,6912.75,{'stop_loss_price': 6912.75}
INVALID_RISK_UNIT,risk_unit == 0 or non-finite,NQM18-CME,2334288,2018-03-21 14:17:18.011000+00:00,6912.75,{'stop_loss_price': 6912.75}
INVALID_RISK_UNIT,risk_unit == 0 or non-finite,NQM18-CME,2334289,2018-03-21 14:17:18.012000+00:00,6912.75,{'stop_loss_price': 6912.75}
INVALID_RISK_UNIT,risk_unit == 0 or non-finite,NQM18-CME,2334290,2018-03-21 14:17:18.013000+00:00,6912.75,{'stop_loss_price': 6912.75}
INVALID_RISK_UNIT,risk_unit == 0 or non-finite,NQM18-CME,2334291,2018-03-21 14:17:18.014000+00:00,6912.75,{'stop_loss_price': 6912.75}
INVALID_RISK_UNIT,risk_unit == 0 or non-finite,NQM18-CME,2334292,2018-03-21 14:17:18.015000+00:00,6912.75,{'stop_loss_price': 6912.75}
INVALID_RISK_UNIT,risk_unit == 0 or non-finite,NQM18-CME,2334293,2018-03-21 14:17:18.016000+00:00,6912.75,{'stop_loss_price': 6912.75}
INVALID_RISK_UNIT,risk_unit == 0 or non-finite,NQM18-CME,2334294,2018-03-21 14:17:18.017000+00:00,6912.75,{'stop_loss_price': 6912.75}
INVALID_RISK_UNIT,risk_unit == 0 or non-finite,NQM18-CME,2334295,2018-03-21 14:17:18.018000+00:00,6912.75,{'stop_loss_price': 6912.75}
INVALID_RISK_UNIT,risk_unit == 0 or non-finite,NQM18-CME,2483314,2018-03-21 18:35:48.014000+00:00,6894.75,{'stop_loss_price': 6894.75}
INVALID_RISK_UNIT,risk_unit == 0 or non-finite,NQM18-CME,2491330,2018-03-21 18:40:08.006000+00:00,6885.0,{'stop_loss_price': 6885.0}
INVALID_RISK_UNIT,risk_unit == 0 or non-finite,NQM18-CME,2524621,2018-03-21 18:59:40.105000+00:00,6869.25,{'stop_loss_price': 6869.25}
INVALID_RISK_UNIT,risk_unit == 0 or non-finite,NQM18-CME,2524622,2018-03-21 18:59:40.106000+00:00,6869.25,{'stop_loss_price': 6869.25}
INVALID_RISK_UNIT,risk_unit == 0 or non-finite,NQM18-CME,2524623,2018-03-21 18:59:40.107000+00:00,6869.25,{'stop_loss_price': 6869.25}
INVALID_RISK_UNIT,risk_unit == 0 or non-finite,NQM18-CME,2524624,2018-03-21 18:59:40.108000+00:00,6869.25,{'stop_loss_price': 6869.25}
INVALID_RISK_UNIT,risk_unit == 0 or non-finite,NQM18-CME,2540919,2018-03-21 19:11:27.005000+00:00,6881.75,{'stop_loss_price': 6881.75}
INVALID_RISK_UNIT,risk_unit == 0 or non-finite,NQM18-CME,2540920,2018-03-21 19:11:27.006000+00:00,6881.75,{'stop_loss_price': 6881.75}
INVALID_RISK_UNIT,risk_unit == 0 or non-finite,NQM18-CME,2540921,2018-03-21 19:11:27.007000+00:00,6881.75,{'stop_loss_price': 6881.75}
INVALID_RISK_UNIT,risk_unit == 0 or non-finite,NQM18-CME,2541002,2018-03-21 19:11:28.015000+00:00,6881.75,{'stop_loss_price': 6881.75}
INVALID_RISK_UNIT,risk_unit == 0 or non-finite,NQM18-CME,2541003,2018-03-21 19:11:28.016000+00:00,6881.75,{'stop_loss_price': 6881.75}
INVALID_RISK_UNIT,risk_unit == 0 or non-finite,NQM18-CME,2541004,2018-03-21 19:11:28.017000+00:00,6881.75,{'stop_loss_price': 6881.75}
INVALID_RISK_UNIT,risk_unit == 0 or non-finite,NQM18-CME,2541005,2018-03-21 19:11:28.018000+00:00,6881.75,{'stop_loss_price': 6881.75}
INVALID_RISK_UNIT,risk_unit == 0 or non-finite,NQM18-CME,2541006,2018-03-21 19:11:28.019000+00:00,6881.75,{'stop_loss_price': 6881.75}
INVALID_RISK_UNIT,risk_unit == 0 or non-finite,NQM18-CME,2541007,2018-03-21 19:11:28.020000+00:00,6881.75,{'stop_loss_price': 6881.75}
INVALID_RISK_UNIT,risk_unit == 0 or non-finite,NQM18-CME,2541008,2018-03-21 19:11:28.021000+00:00,6881.75,{'stop_loss_price': 6881.75}
INVALID_RISK_UNIT,risk_unit == 0 or non-finite,NQM18-CME,2541009,2018-03-21 19:11:28.022000+00:00,6881.75,{'stop_loss_price': 6881.75}
INVALID_RISK_UNIT,risk_unit == 0 or non-finite,NQM18-CME,2559189,2018-03-21 19:22:49+00:00,6900.0,{'stop_loss_price': 6900.0}
INVALID_RISK_UNIT,risk_unit == 0 or non-finite,NQM18-CME,2559190,2018-03-21 19:22:49.001000+00:00,6900.0,{'stop_loss_price': 6900.0}
INVALID_RISK_UNIT,risk_unit == 0 or non-finite,NQM18-CME,2559191,2018-03-21 19:22:49.002000+00:00,6900.0,{'stop_loss_price': 6900.0}
INVALID_RISK_UNIT,risk_unit == 0 or non-finite,NQM18-CME,2585671,2018-03-21 19:52:17+00:00,6881.0,{'stop_loss_price': 6881.0}
INVALID_RISK_UNIT,risk_unit == 0 or non-finite,NQM18-CME,2585672,2018-03-21 19:52:17.001000+00:00,6881.0,{'stop_loss_price': 6881.0}
INVALID_RISK_UNIT,risk_unit == 0 or non-finite,NQM18-CME,2585673,2018-03-21 19:52:17.002000+00:00,6881.0,{'stop_loss_price': 6881.0}
INVALID_RISK_UNIT,risk_unit == 0 or non-finite,NQM18-CME,2585674,2018-03-21 19:52:17.003000+00:00,6881.0,{'stop_loss_price': 6881.0}
INVALID_RISK_UNIT,risk_unit == 0 or non-finite,NQM18-CME,2585683,2018-03-21 19:52:17.012000+00:00,6881.0,{'stop_loss_price': 6881.0}
INVALID_RISK_UNIT,risk_unit == 0 or non-finite,NQM18-CME,2606587,2018-03-21 23:34:46.003000+00:00,6885.5,{'stop_loss_price': 6885.5}
INVALID_RISK_UNIT,risk_unit == 0 or non-finite,NQM18-CME,2606588,2018-03-21 23:34:46.004000+00:00,6885.5,{'stop_loss_price': 6885.5}
INVALID_RISK_UNIT,risk_unit == 0 or non-finite,NQM18-CME,2606589,2018-03-21 23:34:46.005000+00:00,6885.5,{'stop_loss_price': 6885.5}
INVALID_RISK_UNIT,risk_unit == 0 or non-finite,NQM18-CME,2856232,2018-03-22 15:26:37.027000+00:00,6745.25,{'stop_loss_price': 6745.25}
INVALID_RISK_UNIT,risk_unit == 0 or non-finite,NQM18-CME,2882880,2018-03-22 15:49:25.013000+00:00,6731.75,{'stop_loss_price': 6731.75}
INVALID_RISK_UNIT,risk_unit == 0 or non-finite,NQM18-CME,2882881,2018-03-22 15:49:25.014000+00:00,6731.75,{'stop_loss_price': 6731.75}
INVALID_RISK_UNIT,risk_unit == 0 or non-finite,NQM18-CME,2889330,2018-03-22 15:56:38.006000+00:00,6740.25,{'stop_loss_price': 6740.25}
INVALID_RISK_UNIT,risk_unit == 0 or non-finite,NQM18-CME,2971782,2018-03-22 17:04:43.031000+00:00,6749.0,{'stop_loss_price': 6749.0}
INVALID_RISK_UNIT,risk_unit == 0 or non-finite,NQM18-CME,2971783,2018-03-22 17:04:43.032000+00:00,6749.0,{'stop_loss_price': 6749.0}
INVALID_RISK_UNIT,risk_unit == 0 or non-finite,NQM18-CME,2971784,2018-03-22 17:04:43.033000+00:00,6749.0,{'stop_loss_price': 6749.0}
INVALID_RISK_UNIT,risk_unit == 0 or non-finite,NQM18-CME,2971785,2018-03-22 17:04:43.034000+00:00,6749.0,{'stop_loss_price': 6749.0}
INVALID_RISK_UNIT,risk_unit == 0 or non-finite,NQM18-CME,2971786,2018-03-22 17:04:43.035000+00:00,6749.0,{'stop_loss_price': 6749.0}
INVALID_RISK_UNIT,risk_unit == 0 or non-finite,NQM18-CME,2971787,2018-03-22 17:04:43.036000+00:00,6749.0,{'stop_loss_price': 6749.0}
INVALID_RISK_UNIT,risk_unit == 0 or non-finite,NQM18-CME,2984001,2018-03-22 17:19:30.005000+00:00,6761.0,{'stop_loss_price': 6761.0}
INVALID_RISK_UNIT,risk_unit == 0 or non-finite,NQM18-CME,2984002,2018-03-22 17:19:30.006000+00:00,6761.0,{'stop_loss_price': 6761.0}
INVALID_RISK_UNIT,risk_unit == 0 or non-finite,NQM18-CME,2984003,2018-03-22 17:19:30.007000+00:00,6761.0,{'stop_loss_price': 6761.0}
INVALID_RISK_UNIT,risk_unit == 0 or non-finite,NQM18-CME,2984004,2018-03-22 17:19:30.008000+00:00,6761.0,{'stop_loss_price': 6761.0}
INVALID_RISK_UNIT,risk_unit == 0 or non-finite,NQM18-CME,2984005,2018-03-22 17:19:30.009000+00:00,6761.0,{'stop_loss_price': 6761.0}
INVALID_RISK_UNIT,risk_unit == 0 or non-finite,NQM18-CME,2984006,2018-03-22 17:19:30.010000+00:00,6761.0,{'stop_loss_price': 6761.0}
INVALID_RISK_UNIT,risk_unit == 0 or non-finite,NQM18-CME,2984007,2018-03-22 17:19:30.011000+00:00,6761.0,{'stop_loss_price': 6761.0}
INVALID_RISK_UNIT,risk_unit == 0 or non-finite,NQM18-CME,2984008,2018-03-22 17:19:30.012000+00:00,6761.0,{'stop_loss_price': 6761.0}
INVALID_RISK_UNIT,risk_unit == 0 or non-finite,NQM18-CME,2984009,2018-03-22 17:19:30.013000+00:00,6761.0,{'stop_loss_price': 6761.0}
INVALID_RISK_UNIT,risk_unit == 0 or non-finite,NQM18-CME,3040178,2018-03-22 18:29:03.003000+00:00,6761.25,{'stop_loss_price': 6761.25}
INVALID_RISK_UNIT,risk_unit == 0 or non-finite,NQM18-CME,3051456,2018-03-22 18:45:27.002000+00:00,6770.5,{'stop_loss_price': 6770.5}
INVALID_RISK_UNIT,risk_unit == 0 or non-finite,NQM18-CME,3123051,2018-03-22 19:50:56.180000+00:00,6709.0,{'stop_loss_price': 6709.0}
INVALID_RISK_UNIT,risk_unit == 0 or non-finite,NQM18-CME,3132207,2018-03-22 19:56:01.032000+00:00,6700.75,{'stop_loss_price': 6700.75}
INVALID_RISK_UNIT,risk_unit == 0 or non-finite,NQM18-CME,3132208,2018-03-22 19:56:01.033000+00:00,6700.75,{'stop_loss_price': 6700.75}
INVALID_RISK_UNIT,risk_unit == 0 or non-finite,NQM18-CME,3132209,2018-03-22 19:56:01.034000+00:00,6700.75,{'stop_loss_price': 6700.75}
INVALID_RISK_UNIT,risk_unit == 0 or non-finite,NQM18-CME,3132210,2018-03-22 19:56:01.035000+00:00,6700.75,{'stop_loss_price': 6700.75}
INVALID_RISK_UNIT,risk_unit == 0 or non-finite,NQM18-CME,3132211,2018-03-22 19:56:01.036000+00:00,6700.75,{'stop_loss_price': 6700.75}
INVALID_RISK_UNIT,risk_unit == 0 or non-finite,NQM18-CME,3132213,2018-03-22 19:56:02.001000+00:00,6700.75,{'stop_loss_price': 6700.75}
INVALID_RISK_UNIT,risk_unit == 0 or non-finite,NQM18-CME,3214990,2018-03-23 06:44:09+00:00,6623.25,{'stop_loss_price': 6623.25}
INVALID_RISK_UNIT,risk_unit == 0 or non-finite,NQM18-CME,3335006,2018-03-23 13:50:45.017000+00:00,6663.75,{'stop_loss_price': 6663.75}
INVALID_RISK_UNIT,risk_unit == 0 or non-finite,NQM18-CME,3346145,2018-03-23 13:56:24.004000+00:00,6691.0,{'stop_loss_price': 6691.0}
INVALID_RISK_UNIT,risk_unit == 0 or non-finite,NQM18-CME,3363921,2018-03-23 14:07:26.014000+00:00,6674.75,{'stop_loss_price': 6674.75}
INVALID_RISK_UNIT,risk_unit == 0 or non-finite,NQM18-CME,3395335,2018-03-23 14:28:01+00:00,6685.25,{'stop_loss_price': 6685.25}
INVALID_RISK_UNIT,risk_unit == 0 or non-finite,NQM18-CME,3395336,2018-03-23 14:28:01.001000+00:00,6685.25,{'stop_loss_price': 6685.25}
INVALID_RISK_UNIT,risk_unit == 0 or non-finite,NQM18-CME,3442984,2018-03-23 15:11:25.002000+00:00,6687.0,{'stop_loss_price': 6687.0}
INVALID_RISK_UNIT,risk_unit == 0 or non-finite,NQM18-CME,3449471,2018-03-23 15:19:47.022000+00:00,6685.0,{'stop_loss_price': 6685.0}
INVALID_RISK_UNIT,risk_unit == 0 or non-finite,NQM18-CME,3462565,2018-03-23 15:38:08.014000+00:00,6674.0,{'stop_loss_price': 6674.0}
INVALID_RISK_UNIT,risk_unit == 0 or non-finite,NQM18-CME,3462566,2018-03-23 15:38:08.015000+00:00,6674.0,{'stop_loss_price': 6674.0}
INVALID_RISK_UNIT,risk_unit == 0 or non-finite,NQM18-CME,3462567,2018-03-23 15:38:08.016000+00:00,6674.0,{'stop_loss_price': 6674.0}
INVALID_RISK_UNIT,risk_unit == 0 or non-finite,NQM18-CME,3462568,2018-03-23 15:38:08.017000+00:00,6674.0,{'stop_loss_price': 6674.0}
INVALID_RISK_UNIT,risk_unit == 0 or non-finite,NQM18-CME,3462569,2018-03-23 15:38:08.018000+00:00,6674.0,{'stop_loss_price': 6674.0}
INVALID_RISK_UNIT,risk_unit == 0 or non-finite,NQM18-CME,3505413,2018-03-23 16:13:48.002000+00:00,6638.0,{'stop_loss_price': 6638.0}
INVALID_RISK_UNIT,risk_unit == 0 or non-finite,NQM18-CME,3536100,2018-03-23 16:50:36+00:00,6639.5,{'stop_loss_price': 6639.5}
INVALID_RISK_UNIT,risk_unit == 0 or non-finite,NQM18-CME,3542120,2018-03-23 16:58:45.002000+00:00,6629.0,{'stop_loss_price': 6629.0}
INVALID_RISK_UNIT,risk_unit == 0 or non-finite,NQM18-CME,3542121,2018-03-23 16:58:45.003000+00:00,6629.0,{'stop_loss_price': 6629.0}
INVALID_RISK_UNIT,risk_unit == 0 or non-finite,NQM18-CME,3604346,2018-03-23 18:10:49.012000+00:00,6664.25,{'stop_loss_price': 6664.25}
INVALID_RISK_UNIT,risk_unit == 0 or non-finite,NQM18-CME,3604347,2018-03-23 18:10:49.013000+00:00,6664.25,{'stop_loss_price': 6664.25}
INVALID_RISK_UNIT,risk_unit == 0 or non-finite,NQM18-CME,3604348,2018-03-23 18:10:49.014000+00:00,6664.25,{'stop_loss_price': 6664.25}
INVALID_RISK_UNIT,risk_unit == 0 or non-finite,NQM18-CME,3604349,2018-03-23 18:10:49.015000+00:00,6664.25,{'stop_loss_price': 6664.25}
INVALID_RISK_UNIT,risk_unit == 0 or non-finite,NQM18-CME,3604351,2018-03-23 18:10:49.017000+00:00,6664.25,{'stop_loss_price': 6664.25}
INVALID_RISK_UNIT,risk_unit == 0 or non-finite,NQM18-CME,3644154,2018-03-23 18:53:00.004000+00:00,6614.75,{'stop_loss_price': 6614.75}
INVALID_RISK_UNIT,risk_unit == 0 or non-finite,NQM18-CME,3644155,2018-03-23 18:53:00.005000+00:00,6614.75,{'stop_loss_price': 6614.75}
INVALID_RISK_UNIT,risk_unit == 0 or non-finite,NQM18-CME,3644156,2018-03-23 18:53:00.006000+00:00,6614.75,{'stop_loss_price': 6614.75}
INVALID_RISK_UNIT,risk_unit == 0 or non-finite,NQM18-CME,3644157,2018-03-23 18:53:00.007000+00:00,6614.75,{'stop_loss_price': 6614.75}
INVALID_RISK_UNIT,risk_unit == 0 or non-finite,NQM18-CME,3780418,2018-03-23 20:13:57.002000+00:00,6549.75,{'stop_loss_price': 6549.75}
INVALID_RISK_UNIT,risk_unit == 0 or non-finite,NQM18-CME,3780419,2018-03-23 20:13:57.003000+00:00,6549.75,{'stop_loss_price': 6549.75}
INVALID_RISK_UNIT,risk_unit == 0 or non-finite,NQM18-CME,3780420,2018-03-23 20:13:57.004000+00:00,6549.75,{'stop_loss_price': 6549.75}
INVALID_RISK_UNIT,risk_unit == 0 or non-finite,NQM18-CME,3780421,2018-03-23 20:13:58+00:00,6549.75,{'stop_loss_price': 6549.75}
INVALID_RISK_UNIT,risk_unit == 0 or non-finite,NQM18-CME,3780431,2018-03-23 20:13:58.010000+00:00,6549.75,{'stop_loss_price': 6549.75}
INVALID_RISK_UNIT,risk_unit == 0 or non-finite,NQM18-CME,3783638,2018-03-23 20:51:59+00:00,6545.25,{'stop_loss_price': 6545.25}
INVALID_RISK_UNIT,risk_unit == 0 or non-finite,NQM18-CME,3783639,2018-03-23 20:51:59.001000+00:00,6545.25,{'stop_loss_price': 6545.25}
INVALID_RISK_UNIT,risk_unit == 0 or non-finite,NQM18-CME,3797052,2018-03-26 00:47:13.007000+00:00,6579.25,{'stop_loss_price': 6579.25}
INVALID_RISK_UNIT,risk_unit == 0 or non-finite,NQM18-CME,3797053,2018-03-26 00:47:13.008000+00:00,6579.25,{'stop_loss_price': 6579.25}
INVALID_RISK_UNIT,risk_unit == 0 or non-finite,NQM18-CME,3797573,2018-03-26 00:52:02+00:00,6581.5,{'stop_loss_price': 6581.5}
INVALID_RISK_UNIT,risk_unit == 0 or non-finite,NQM18-CME,3797574,2018-03-26 00:52:02.001000+00:00,6581.5,{'stop_loss_price': 6581.5}
INVALID_RISK_UNIT,risk_unit == 0 or non-finite,NQM18-CME,3801613,2018-03-26 01:22:46.001000+00:00,6598.5,{'stop_loss_price': 6598.5}
INVALID_RISK_UNIT,risk_unit == 0 or non-finite,NQM18-CME,3801614,2018-03-26 01:22:46.002000+00:00,6598.5,{'stop_loss_price': 6598.5}
INVALID_RISK_UNIT,risk_unit == 0 or non-finite,NQM18-CME,3801615,2018-03-26 01:22:46.003000+00:00,6598.5,{'stop_loss_price': 6598.5}
INVALID_RISK_UNIT,risk_unit == 0 or non-finite,NQM18-CME,3801616,2018-03-26 01:22:46.004000+00:00,6598.5,{'stop_loss_price': 6598.5}
INVALID_RISK_UNIT,risk_unit == 0 or non-finite,NQM18-CME,3801617,2018-03-26 01:22:46.005000+00:00,6598.5,{'stop_loss_price': 6598.5}
INVALID_RISK_UNIT,risk_unit == 0 or non-finite,NQM18-CME,3801618,2018-03-26 01:22:46.006000+00:00,6598.5,{'stop_loss_price': 6598.5}
INVALID_RISK_UNIT,risk_unit == 0 or non-finite,NQM18-CME,3801621,2018-03-26 01:22:50+00:00,6598.5,{'stop_loss_price': 6598.5}
INVALID_RISK_UNIT,risk_unit == 0 or non-finite,NQM18-CME,3801622,2018-03-26 01:22:50.001000+00:00,6598.5,{'stop_loss_price': 6598.5}
INVALID_RISK_UNIT,risk_unit == 0 or non-finite,NQM18-CME,3801623,2018-03-26 01:22:50.002000+00:00,6598.5,{'stop_loss_price': 6598.5}
INVALID_RISK_UNIT,risk_unit == 0 or non-finite,NQM18-CME,3810008,2018-03-26 02:29:05.004000+00:00,6594.75,{'stop_loss_price': 6594.75}
INVALID_RISK_UNIT,risk_unit == 0 or non-finite,NQM18-CME,3810009,2018-03-26 02:29:05.005000+00:00,6594.75,{'stop_loss_price': 6594.75}
INVALID_RISK_UNIT,risk_unit == 0 or non-finite,NQM18-CME,3810010,2018-03-26 02:29:05.006000+00:00,6594.75,{'stop_loss_price': 6594.75}
INVALID_RISK_UNIT,risk_unit == 0 or non-finite,NQM18-CME,3810011,2018-03-26 02:29:05.007000+00:00,6594.75,{'stop_loss_price': 6594.75}
INVALID_RISK_UNIT,risk_unit == 0 or non-finite,NQM18-CME,3810015,2018-03-26 02:29:20.002000+00:00,6594.75,{'stop_loss_price': 6594.75}
INVALID_RISK_UNIT,risk_unit == 0 or non-finite,NQM18-CME,3810016,2018-03-26 02:29:20.003000+00:00,6594.75,{'stop_loss_price': 6594.75}
INVALID_RISK_UNIT,risk_unit == 0 or non-finite,NQM18-CME,3810017,2018-03-26 02:29:20.004000+00:00,6594.75,{'stop_loss_price': 6594.75}
INVALID_RISK_UNIT,risk_unit == 0 or non-finite,NQM18-CME,3917562,2018-03-26 13:46:51.009000+00:00,6664.5,{'stop_loss_price': 6664.5}
INVALID_RISK_UNIT,risk_unit == 0 or non-finite,NQM18-CME,3917563,2018-03-26 13:46:51.010000+00:00,6664.5,{'stop_loss_price': 6664.5}
INVALID_RISK_UNIT,risk_unit == 0 or non-finite,NQM18-CME,3917564,2018-03-26 13:46:51.011000+00:00,6664.5,{'stop_loss_price': 6664.5}
INVALID_RISK_UNIT,risk_unit == 0 or non-finite,NQM18-CME,3917565,2018-03-26 13:46:51.012000+00:00,6664.5,{'stop_loss_price': 6664.5}
INVALID_RISK_UNIT,risk_unit == 0 or non-finite,NQM18-CME,3917566,2018-03-26 13:46:51.013000+00:00,6664.5,{'stop_loss_price': 6664.5}
INVALID_RISK_UNIT,risk_unit == 0 or non-finite,NQM18-CME,3917567,2018-03-26 13:46:51.014000+00:00,6664.5,{'stop_loss_price': 6664.5}
INVALID_RISK_UNIT,risk_unit == 0 or non-finite,NQM18-CME,3917568,2018-03-26 13:46:51.015000+00:00,6664.5,{'stop_loss_price': 6664.5}
INVALID_RISK_UNIT,risk_unit == 0 or non-finite,NQM18-CME,3917571,2018-03-26 13:46:51.018000+00:00,6664.5,{'stop_loss_price': 6664.5}
INVALID_RISK_UNIT,risk_unit == 0 or non-finite,NQM18-CME,3917572,2018-03-26 13:46:51.019000+00:00,6664.5,{'stop_loss_price': 6664.5}
INVALID_RISK_UNIT,risk_unit == 0 or non-finite,NQM18-CME,3917573,2018-03-26 13:46:51.020000+00:00,6664.5,{'stop_loss_price': 6664.5}
INVALID_RISK_UNIT,risk_unit == 0 or non-finite,NQM18-CME,3917574,2018-03-26 13:46:51.021000+00:00,6664.5,{'stop_loss_price': 6664.5}
INVALID_RISK_UNIT,risk_unit == 0 or non-finite,NQM18-CME,3917585,2018-03-26 13:46:51.032000+00:00,6664.5,{'stop_loss_price': 6664.5}
INVALID_RISK_UNIT,risk_unit == 0 or non-finite,NQM18-CME,3917586,2018-03-26 13:46:51.033000+00:00,6664.5,{'stop_loss_price': 6664.5}
INVALID_RISK_UNIT,risk_unit == 0 or non-finite,NQM18-CME,3917587,2018-03-26 13:46:51.034000+00:00,6664.5,{'stop_loss_price': 6664.5}
INVALID_RISK_UNIT,risk_unit == 0 or non-finite,NQM18-CME,3917595,2018-03-26 13:46:51.042000+00:00,6664.5,{'stop_loss_price': 6664.5}
INVALID_RISK_UNIT,risk_unit == 0 or non-finite,NQM18-CME,3923176,2018-03-26 13:50:58.007000+00:00,6663.0,{'stop_loss_price': 6663.0}
INVALID_RISK_UNIT,risk_unit == 0 or non-finite,NQM18-CME,3988838,2018-03-26 14:41:51.011000+00:00,6626.0,{'stop_loss_price': 6626.0}
INVALID_RISK_UNIT,risk_unit == 0 or non-finite,NQM18-CME,4082039,2018-03-26 15:42:10.014000+00:00,6617.0,{'stop_loss_price': 6617.0}
INVALID_RISK_UNIT,risk_unit == 0 or non-finite,NQM18-CME,4085014,2018-03-26 15:45:42.013000+00:00,6613.5,{'stop_loss_price': 6613.5}
INVALID_RISK_UNIT,risk_unit == 0 or non-finite,NQM18-CME,4101013,2018-03-26 16:03:21.009000+00:00,6603.25,{'stop_loss_price': 6603.25}
INVALID_RISK_UNIT,risk_unit == 0 or non-finite,NQM18-CME,4101014,2018-03-26 16:03:21.010000+00:00,6603.25,{'stop_loss_price': 6603.25}
INVALID_RISK_UNIT,risk_unit == 0 or non-finite,NQM18-CME,4101015,2018-03-26 16:03:21.011000+00:00,6603.25,{'stop_loss_price': 6603.25}
INVALID_RISK_UNIT,risk_unit == 0 or non-finite,NQM18-CME,4101809,2018-03-26 16:04:26.002000+00:00,6599.25,{'stop_loss_price': 6599.25}
INVALID_RISK_UNIT,risk_unit == 0 or non-finite,NQM18-CME,4101810,2018-03-26 16:04:26.003000+00:00,6599.25,{'stop_loss_price': 6599.25}
INVALID_RISK_UNIT,risk_unit == 0 or non-finite,NQM18-CME,4110944,2018-03-26 16:13:56+00:00,6629.0,{'stop_loss_price': 6629.0}
INVALID_RISK_UNIT,risk_unit == 0 or non-finite,NQM18-CME,4110945,2018-03-26 16:13:56.001000+00:00,6629.0,{'stop_loss_price': 6629.0}
INVALID_RISK_UNIT,risk_unit == 0 or non-finite,NQM18-CME,4110946,2018-03-26 16:13:56.002000+00:00,6629.0,{'stop_loss_price': 6629.0}
INVALID_RISK_UNIT,risk_unit == 0 or non-finite,NQM18-CME,4112744,2018-03-26 16:16:08.006000+00:00,6628.75,{'stop_loss_price': 6628.75}
INVALID_RISK_UNIT,risk_unit == 0 or non-finite,NQM18-CME,4167973,2018-03-26 17:36:15+00:00,6655.0,{'stop_loss_price': 6655.0}
INVALID_RISK_UNIT,risk_unit == 0 or non-finite,NQM18-CME,4167974,2018-03-26 17:36:15.001000+00:00,6655.0,{'stop_loss_price': 6655.0}
INVALID_RISK_UNIT,risk_unit == 0 or non-finite,NQM18-CME,4167975,2018-03-26 17:36:16+00:00,6655.0,{'stop_loss_price': 6655.0}
INVALID_RISK_UNIT,risk_unit == 0 or non-finite,NQM18-CME,4172165,2018-03-26 17:44:13.006000+00:00,6663.25,{'stop_loss_price': 6663.25}
INVALID_RISK_UNIT,risk_unit == 0 or non-finite,NQM18-CME,4238348,2018-03-26 19:00:39.018000+00:00,6710.0,{'stop_loss_price': 6710.0}
INVALID_RISK_UNIT,risk_unit == 0 or non-finite,NQM18-CME,4238349,2018-03-26 19:00:39.019000+00:00,6710.0,{'stop_loss_price': 6710.0}
INVALID_RISK_UNIT,risk_unit == 0 or non-finite,NQM18-CME,4238350,2018-03-26 19:00:39.020000+00:00,6710.0,{'stop_loss_price': 6710.0}
INVALID_RISK_UNIT,risk_unit == 0 or non-finite,NQM18-CME,4238351,2018-03-26 19:00:39.021000+00:00,6710.0,{'stop_loss_price': 6710.0}
INVALID_RISK_UNIT,risk_unit == 0 or non-finite,NQM18-CME,4238352,2018-03-26 19:00:39.022000+00:00,6710.0,{'stop_loss_price': 6710.0}
INVALID_RISK_UNIT,risk_unit == 0 or non-finite,NQM18-CME,4238353,2018-03-26 19:00:39.023000+00:00,6710.0,{'stop_loss_price': 6710.0}
INVALID_RISK_UNIT,risk_unit == 0 or non-finite,NQM18-CME,4238354,2018-03-26 19:00:39.024000+00:00,6710.0,{'stop_loss_price': 6710.0}
INVALID_RISK_UNIT,risk_unit == 0 or non-finite,NQM18-CME,4238355,2018-03-26 19:00:39.025000+00:00,6710.0,{'stop_loss_price': 6710.0}
INVALID_RISK_UNIT,risk_unit == 0 or non-finite,NQM18-CME,4238356,2018-03-26 19:00:39.026000+00:00,6710.0,{'stop_loss_price': 6710.0}
INVALID_RISK_UNIT,risk_unit == 0 or non-finite,NQM18-CME,4238414,2018-03-26 19:00:40.015000+00:00,6710.25,{'stop_loss_price': 6710.25}
INVALID_RISK_UNIT,risk_unit == 0 or non-finite,NQM18-CME,4238415,2018-03-26 19:00:40.016000+00:00,6710.25,{'stop_loss_price': 6710.25}
INVALID_RISK_UNIT,risk_unit == 0 or non-finite,NQM18-CME,4238416,2018-03-26 19:00:40.017000+00:00,6710.25,{'stop_loss_price': 6710.25}
INVALID_RISK_UNIT,risk_unit == 0 or non-finite,NQM18-CME,4238417,2018-03-26 19:00:40.018000+00:00,6710.25,{'stop_loss_price': 6710.25}
INVALID_RISK_UNIT,risk_unit == 0 or non-finite,NQM18-CME,4238418,2018-03-26 19:00:40.019000+00:00,6710.25,{'stop_loss_price': 6710.25}
INVALID_RISK_UNIT,risk_unit == 0 or non-finite,NQM18-CME,4238419,2018-03-26 19:00:40.020000+00:00,6710.25,{'stop_loss_price': 6710.25}
INVALID_RISK_UNIT,risk_unit == 0 or non-finite,NQM18-CME,4238420,2018-03-26 19:00:40.021000+00:00,6710.25,{'stop_loss_price': 6710.25}
INVALID_RISK_UNIT,risk_unit == 0 or non-finite,NQM18-CME,4238421,2018-03-26 19:00:40.022000+00:00,6710.25,{'stop_loss_price': 6710.25}
INVALID_RISK_UNIT,risk_unit == 0 or non-finite,NQM18-CME,4238422,2018-03-26 19:00:41+00:00,6710.25,{'stop_loss_price': 6710.25}
INVALID_RISK_UNIT,risk_unit == 0 or non-finite,NQM18-CME,4294340,2018-03-26 20:00:36.004000+00:00,6769.75,{'stop_loss_price': 6769.75}
INVALID_RISK_UNIT,risk_unit == 0 or non-finite,NQM18-CME,4294341,2018-03-26 20:00:36.005000+00:00,6769.75,{'stop_loss_price': 6769.75}
INVALID_RISK_UNIT,risk_unit == 0 or non-finite,NQM18-CME,4294342,2018-03-26 20:00:36.006000+00:00,6769.75,{'stop_loss_price': 6769.75}
INVALID_RISK_UNIT,risk_unit == 0 or non-finite,NQM18-CME,4294343,2018-03-26 20:00:36.007000+00:00,6769.75,{'stop_loss_price': 6769.75}
INVALID_RISK_UNIT,risk_unit == 0 or non-finite,NQM18-CME,4294344,2018-03-26 20:00:36.008000+00:00,6769.75,{'stop_loss_price': 6769.75}
INVALID_RISK_UNIT,risk_unit == 0 or non-finite,NQM18-CME,4294345,2018-03-26 20:00:36.009000+00:00,6769.75,{'stop_loss_price': 6769.75}
INVALID_RISK_UNIT,risk_unit == 0 or non-finite,NQM18-CME,4305157,2018-03-26 23:27:28+00:00,6772.5,{'stop_loss_price': 6772.5}
INVALID_RISK_UNIT,risk_unit == 0 or non-finite,NQM18-CME,4327303,2018-03-27 05:25:20+00:00,6807.5,{'stop_loss_price': 6807.5}
INVALID_RISK_UNIT,risk_unit == 0 or non-finite,NQM18-CME,4473912,2018-03-27 14:24:05.007000+00:00,6775.0,{'stop_loss_price': 6775.0}
INVALID_RISK_UNIT,risk_unit == 0 or non-finite,NQM18-CME,4473913,2018-03-27 14:24:05.008000+00:00,6775.0,{'stop_loss_price': 6775.0}
INVALID_RISK_UNIT,risk_unit == 0 or non-finite,NQM18-CME,4473914,2018-03-27 14:24:05.009000+00:00,6775.0,{'stop_loss_price': 6775.0}
INVALID_RISK_UNIT,risk_unit == 0 or non-finite,NQM18-CME,4473915,2018-03-27 14:24:05.010000+00:00,6775.0,{'stop_loss_price': 6775.0}
INVALID_RISK_UNIT,risk_unit == 0 or non-finite,NQM18-CME,4482775,2018-03-27 14:32:02.003000+00:00,6775.5,{'stop_loss_price': 6775.5}
INVALID_RISK_UNIT,risk_unit == 0 or non-finite,NQM18-CME,4482776,2018-03-27 14:32:02.004000+00:00,6775.5,{'stop_loss_price': 6775.5}
INVALID_RISK_UNIT,risk_unit == 0 or non-finite,NQM18-CME,4482777,2018-03-27 14:32:02.005000+00:00,6775.5,{'stop_loss_price': 6775.5}
INVALID_RISK_UNIT,risk_unit == 0 or non-finite,NQM18-CME,4482778,2018-03-27 14:32:02.006000+00:00,6775.5,{'stop_loss_price': 6775.5}
INVALID_RISK_UNIT,risk_unit == 0 or non-finite,NQM18-CME,4482779,2018-03-27 14:32:02.007000+00:00,6775.5,{'stop_loss_price': 6775.5}
INVALID_RISK_UNIT,risk_unit == 0 or non-finite,NQM18-CME,4482780,2018-03-27 14:32:02.008000+00:00,6775.5,{'stop_loss_price': 6775.5}
INVALID_RISK_UNIT,risk_unit == 0 or non-finite,NQM18-CME,4515443,2018-03-27 14:59:42.004000+00:00,6762.75,{'stop_loss_price': 6762.75}
INVALID_RISK_UNIT,risk_unit == 0 or non-finite,NQM18-CME,4515444,2018-03-27 14:59:42.005000+00:00,6762.75,{'stop_loss_price': 6762.75}
INVALID_RISK_UNIT,risk_unit == 0 or non-finite,NQM18-CME,4515445,2018-03-27 14:59:42.006000+00:00,6762.75,{'stop_loss_price': 6762.75}
INVALID_RISK_UNIT,risk_unit == 0 or non-finite,NQM18-CME,4515446,2018-03-27 14:59:42.007000+00:00,6762.75,{'stop_loss_price': 6762.75}
INVALID_RISK_UNIT,risk_unit == 0 or non-finite,NQM18-CME,4515447,2018-03-27 14:59:42.008000+00:00,6762.75,{'stop_loss_price': 6762.75}
INVALID_RISK_UNIT,risk_unit == 0 or non-finite,NQM18-CME,4515448,2018-03-27 14:59:42.009000+00:00,6762.75,{'stop_loss_price': 6762.75}
INVALID_RISK_UNIT,risk_unit == 0 or non-finite,NQM18-CME,4515449,2018-03-27 14:59:42.010000+00:00,6762.75,{'stop_loss_price': 6762.75}
INVALID_RISK_UNIT,risk_unit == 0 or non-finite,NQM18-CME,4515450,2018-03-27 14:59:42.011000+00:00,6762.75,{'stop_loss_price': 6762.75}
INVALID_RISK_UNIT,risk_unit == 0 or non-finite,NQM18-CME,4515451,2018-03-27 14:59:42.012000+00:00,6762.75,{'stop_loss_price': 6762.75}
INVALID_RISK_UNIT,risk_unit == 0 or non-finite,NQM18-CME,4515452,2018-03-27 14:59:42.013000+00:00,6762.75,{'stop_loss_price': 6762.75}
INVALID_RISK_UNIT,risk_unit == 0 or non-finite,NQM18-CME,4515453,2018-03-27 14:59:42.014000+00:00,6762.75,{'stop_loss_price': 6762.75}
INVALID_RISK_UNIT,risk_unit == 0 or non-finite,NQM18-CME,4515454,2018-03-27 14:59:42.015000+00:00,6762.75,{'stop_loss_price': 6762.75}
INVALID_RISK_UNIT,risk_unit == 0 or non-finite,NQM18-CME,4743134,2018-03-27 18:40:49.009000+00:00,6667.75,{'stop_loss_price': 6667.75}
INVALID_RISK_UNIT,risk_unit == 0 or non-finite,NQM18-CME,4743135,2018-03-27 18:40:49.010000+00:00,6667.75,{'stop_loss_price': 6667.75}
INVALID_RISK_UNIT,risk_unit == 0 or non-finite,NQM18-CME,4743136,2018-03-27 18:40:49.011000+00:00,6667.75,{'stop_loss_price': 6667.75}
INVALID_RISK_UNIT,risk_unit == 0 or non-finite,NQM18-CME,4743137,2018-03-27 18:40:49.012000+00:00,6667.75,{'stop_loss_price': 6667.75}
INVALID_RISK_UNIT,risk_unit == 0 or non-finite,NQM18-CME,4753737,2018-03-27 18:50:41.005000+00:00,6643.0,{'stop_loss_price': 6643.0}
INVALID_RISK_UNIT,risk_unit == 0 or non-finite,NQM18-CME,4753738,2018-03-27 18:50:41.006000+00:00,6643.0,{'stop_loss_price': 6643.0}
INVALID_RISK_UNIT,risk_unit == 0 or non-finite,NQM18-CME,4821002,2018-03-27 19:31:24.011000+00:00,6536.25,{'stop_loss_price': 6536.25}
INVALID_RISK_UNIT,risk_unit == 0 or non-finite,NQM18-CME,4821003,2018-03-27 19:31:24.012000+00:00,6536.25,{'stop_loss_price': 6536.25}
INVALID_RISK_UNIT,risk_unit == 0 or non-finite,NQM18-CME,4821004,2018-03-27 19:31:24.013000+00:00,6536.25,{'stop_loss_price': 6536.25}
INVALID_RISK_UNIT,risk_unit == 0 or non-finite,NQM18-CME,4849794,2018-03-27 19:44:59.036000+00:00,6514.25,{'stop_loss_price': 6514.25}
INVALID_RISK_UNIT,risk_unit == 0 or non-finite,NQM18-CME,4866810,2018-03-27 19:52:14.007000+00:00,6536.75,{'stop_loss_price': 6536.75}
INVALID_RISK_UNIT,risk_unit == 0 or non-finite,NQM18-CME,4866811,2018-03-27 19:52:14.008000+00:00,6536.75,{'stop_loss_price': 6536.75}
INVALID_RISK_UNIT,risk_unit == 0 or non-finite,NQM18-CME,4866812,2018-03-27 19:52:14.009000+00:00,6536.75,{'stop_loss_price': 6536.75}
INVALID_RISK_UNIT,risk_unit == 0 or non-finite,NQM18-CME,4866813,2018-03-27 19:52:14.010000+00:00,6536.75,{'stop_loss_price': 6536.75}
INVALID_RISK_UNIT,risk_unit == 0 or non-finite,NQM18-CME,4866814,2018-03-27 19:52:14.011000+00:00,6536.75,{'stop_loss_price': 6536.75}
INVALID_RISK_UNIT,risk_unit == 0 or non-finite,NQM18-CME,4881905,2018-03-27 19:58:54.030000+00:00,6539.0,{'stop_loss_price': 6539.0}
INVALID_RISK_UNIT,risk_unit == 0 or non-finite,NQM18-CME,4881906,2018-03-27 19:58:54.031000+00:00,6539.0,{'stop_loss_price': 6539.0}
INVALID_RISK_UNIT,risk_unit == 0 or non-finite,NQM18-CME,4958182,2018-03-28 07:45:08+00:00,6503.25,{'stop_loss_price': 6503.25}
INVALID_RISK_UNIT,risk_unit == 0 or non-finite,NQM18-CME,4958605,2018-03-28 07:46:59+00:00,6508.25,{'stop_loss_price': 6508.25}
INVALID_RISK_UNIT,risk_unit == 0 or non-finite,NQM18-CME,4989090,2018-03-28 10:55:04.012000+00:00,6543.75,{'stop_loss_price': 6543.75}
INVALID_RISK_UNIT,risk_unit == 0 or non-finite,NQM18-CME,5013710,2018-03-28 12:37:16+00:00,6555.25,{'stop_loss_price': 6555.25}
INVALID_RISK_UNIT,risk_unit == 0 or non-finite,NQM18-CME,5013711,2018-03-28 12:37:16.001000+00:00,6555.25,{'stop_loss_price': 6555.25}
INVALID_RISK_UNIT,risk_unit == 0 or non-finite,NQM18-CME,5037344,2018-03-28 13:18:40+00:00,6505.75,{'stop_loss_price': 6505.75}
INVALID_RISK_UNIT,risk_unit == 0 or non-finite,NQM18-CME,5037345,2018-03-28 13:18:40.001000+00:00,6505.75,{'stop_loss_price': 6505.75}
INVALID_RISK_UNIT,risk_unit == 0 or non-finite,NQM18-CME,5037346,2018-03-28 13:18:40.002000+00:00,6505.75,{'stop_loss_price': 6505.75}
INVALID_RISK_UNIT,risk_unit == 0 or non-finite,NQM18-CME,5037347,2018-03-28 13:18:40.003000+00:00,6505.75,{'stop_loss_price': 6505.75}
INVALID_RISK_UNIT,risk_unit == 0 or non-finite,NQM18-CME,5037348,2018-03-28 13:18:40.004000+00:00,6505.75,{'stop_loss_price': 6505.75}
INVALID_RISK_UNIT,risk_unit == 0 or non-finite,NQM18-CME,5037349,2018-03-28 13:18:40.005000+00:00,6505.75,{'stop_loss_price': 6505.75}
INVALID_RISK_UNIT,risk_unit == 0 or non-finite,NQM18-CME,5037350,2018-03-28 13:18:40.006000+00:00,6505.75,{'stop_loss_price': 6505.75}
INVALID_RISK_UNIT,risk_unit == 0 or non-finite,NQM18-CME,5037351,2018-03-28 13:18:40.007000+00:00,6505.75,{'stop_loss_price': 6505.75}
INVALID_RISK_UNIT,risk_unit == 0 or non-finite,NQM18-CME,5104168,2018-03-28 13:45:28.065000+00:00,6459.0,{'stop_loss_price': 6459.0}
INVALID_RISK_UNIT,risk_unit == 0 or non-finite,NQM18-CME,5104169,2018-03-28 13:45:28.066000+00:00,6459.0,{'stop_loss_price': 6459.0}
INVALID_RISK_UNIT,risk_unit == 0 or non-finite,NQM18-CME,5104170,2018-03-28 13:45:28.067000+00:00,6459.0,{'stop_loss_price': 6459.0}
INVALID_RISK_UNIT,risk_unit == 0 or non-finite,NQM18-CME,5104171,2018-03-28 13:45:28.068000+00:00,6459.0,{'stop_loss_price': 6459.0}
INVALID_RISK_UNIT,risk_unit == 0 or non-finite,NQM18-CME,5104172,2018-03-28 13:45:28.069000+00:00,6459.0,{'stop_loss_price': 6459.0}
INVALID_RISK_UNIT,risk_unit == 0 or non-finite,NQM18-CME,5104173,2018-03-28 13:45:28.070000+00:00,6459.0,{'stop_loss_price': 6459.0}
INVALID_RISK_UNIT,risk_unit == 0 or non-finite,NQM18-CME,5104174,2018-03-28 13:45:28.071000+00:00,6459.0,{'stop_loss_price': 6459.0}
INVALID_RISK_UNIT,risk_unit == 0 or non-finite,NQM18-CME,5161466,2018-03-28 14:07:10.064000+00:00,6540.75,{'stop_loss_price': 6540.75}
INVALID_RISK_UNIT,risk_unit == 0 or non-finite,NQM18-CME,5161467,2018-03-28 14:07:10.065000+00:00,6540.75,{'stop_loss_price': 6540.75}
INVALID_RISK_UNIT,risk_unit == 0 or non-finite,NQM18-CME,5161468,2018-03-28 14:07:10.066000+00:00,6540.75,{'stop_loss_price': 6540.75}
INVALID_RISK_UNIT,risk_unit == 0 or non-finite,NQM18-CME,5161470,2018-03-28 14:07:10.068000+00:00,6540.75,{'stop_loss_price': 6540.75}
INVALID_RISK_UNIT,risk_unit == 0 or non-finite,NQM18-CME,5174376,2018-03-28 14:12:48.022000+00:00,6518.0,{'stop_loss_price': 6518.0}
INVALID_RISK_UNIT,risk_unit == 0 or non-finite,NQM18-CME,5232098,2018-03-28 14:41:24.030000+00:00,6460.5,{'stop_loss_price': 6460.5}
INVALID_RISK_UNIT,risk_unit == 0 or non-finite,NQM18-CME,5296172,2018-03-28 15:13:03.006000+00:00,6481.0,{'stop_loss_price': 6481.0}
INVALID_RISK_UNIT,risk_unit == 0 or non-finite,NQM18-CME,5318728,2018-03-28 15:28:15+00:00,6457.0,{'stop_loss_price': 6457.0}
INVALID_RISK_UNIT,risk_unit == 0 or non-finite,NQM18-CME,5336927,2018-03-28 15:37:12.005000+00:00,6485.0,{'stop_loss_price': 6485.0}
INVALID_RISK_UNIT,risk_unit == 0 or non-finite,NQM18-CME,5392057,2018-03-28 16:12:26.029000+00:00,6528.5,{'stop_loss_price': 6528.5}
INVALID_RISK_UNIT,risk_unit == 0 or non-finite,NQM18-CME,5392058,2018-03-28 16:12:26.030000+00:00,6528.5,{'stop_loss_price': 6528.5}
INVALID_RISK_UNIT,risk_unit == 0 or non-finite,NQM18-CME,5392060,2018-03-28 16:12:26.032000+00:00,6528.5,{'stop_loss_price': 6528.5}
INVALID_RISK_UNIT,risk_unit == 0 or non-finite,NQM18-CME,5434935,2018-03-28 16:40:22.016000+00:00,6533.0,{'stop_loss_price': 6533.0}
INVALID_RISK_UNIT,risk_unit == 0 or non-finite,NQM18-CME,5434936,2018-03-28 16:40:22.017000+00:00,6533.0,{'stop_loss_price': 6533.0}
INVALID_RISK_UNIT,risk_unit == 0 or non-finite,NQM18-CME,5434937,2018-03-28 16:40:22.018000+00:00,6533.0,{'stop_loss_price': 6533.0}
INVALID_RISK_UNIT,risk_unit == 0 or non-finite,NQM18-CME,5434938,2018-03-28 16:40:22.019000+00:00,6533.0,{'stop_loss_price': 6533.0}
INVALID_RISK_UNIT,risk_unit == 0 or non-finite,NQM18-CME,5551556,2018-03-28 18:23:07.012000+00:00,6518.75,{'stop_loss_price': 6518.75}
INVALID_RISK_UNIT,risk_unit == 0 or non-finite,NQM18-CME,5551557,2018-03-28 18:23:07.013000+00:00,6518.75,{'stop_loss_price': 6518.75}
INVALID_RISK_UNIT,risk_unit == 0 or non-finite,NQM18-CME,5551558,2018-03-28 18:23:07.014000+00:00,6518.75,{'stop_loss_price': 6518.75}
INVALID_RISK_UNIT,risk_unit == 0 or non-finite,NQM18-CME,5551559,2018-03-28 18:23:07.015000+00:00,6518.75,{'stop_loss_price': 6518.75}
INVALID_RISK_UNIT,risk_unit == 0 or non-finite,NQM18-CME,5551560,2018-03-28 18:23:07.016000+00:00,6518.75,{'stop_loss_price': 6518.75}
INVALID_RISK_UNIT,risk_unit == 0 or non-finite,NQM18-CME,5551561,2018-03-28 18:23:07.017000+00:00,6518.75,{'stop_loss_price': 6518.75}
INVALID_RISK_UNIT,risk_unit == 0 or non-finite,NQM18-CME,5603605,2018-03-28 19:05:24.006000+00:00,6463.0,{'stop_loss_price': 6463.0}
INVALID_RISK_UNIT,risk_unit == 0 or non-finite,NQM18-CME,5656097,2018-03-28 19:44:13.021000+00:00,6491.75,{'stop_loss_price': 6491.75}
INVALID_RISK_UNIT,risk_unit == 0 or non-finite,NQM18-CME,5656098,2018-03-28 19:44:13.022000+00:00,6491.75,{'stop_loss_price': 6491.75}
INVALID_RISK_UNIT,risk_unit == 0 or non-finite,NQM18-CME,5670871,2018-03-28 19:56:15.027000+00:00,6483.5,{'stop_loss_price': 6483.5}
INVALID_RISK_UNIT,risk_unit == 0 or non-finite,NQM18-CME,5678534,2018-03-28 19:59:50.101000+00:00,6473.5,{'stop_loss_price': 6473.5}
INVALID_RISK_UNIT,risk_unit == 0 or non-finite,NQM18-CME,5678535,2018-03-28 19:59:50.102000+00:00,6473.5,{'stop_loss_price': 6473.5}
INVALID_RISK_UNIT,risk_unit == 0 or non-finite,NQM18-CME,5678536,2018-03-28 19:59:50.103000+00:00,6473.5,{'stop_loss_price': 6473.5}
INVALID_RISK_UNIT,risk_unit == 0 or non-finite,NQM18-CME,5678537,2018-03-28 19:59:50.104000+00:00,6473.5,{'stop_loss_price': 6473.5}
INVALID_RISK_UNIT,risk_unit == 0 or non-finite,NQM18-CME,5678538,2018-03-28 19:59:50.105000+00:00,6473.5,{'stop_loss_price': 6473.5}
INVALID_RISK_UNIT,risk_unit == 0 or non-finite,NQM18-CME,5678539,2018-03-28 19:59:50.106000+00:00,6473.5,{'stop_loss_price': 6473.5}
INVALID_RISK_UNIT,risk_unit == 0 or non-finite,NQM18-CME,5678540,2018-03-28 19:59:50.107000+00:00,6473.5,{'stop_loss_price': 6473.5}
INVALID_RISK_UNIT,risk_unit == 0 or non-finite,NQM18-CME,5678586,2018-03-28 19:59:51.039000+00:00,6473.5,{'stop_loss_price': 6473.5}
INVALID_RISK_UNIT,risk_unit == 0 or non-finite,NQM18-CME,5678587,2018-03-28 19:59:51.040000+00:00,6473.5,{'stop_loss_price': 6473.5}
INVALID_RISK_UNIT,risk_unit == 0 or non-finite,NQM18-CME,5678588,2018-03-28 19:59:51.041000+00:00,6473.5,{'stop_loss_price': 6473.5}
INVALID_RISK_UNIT,risk_unit == 0 or non-finite,NQM18-CME,5678589,2018-03-28 19:59:51.042000+00:00,6473.5,{'stop_loss_price': 6473.5}
INVALID_RISK_UNIT,risk_unit == 0 or non-finite,NQM18-CME,5678590,2018-03-28 19:59:51.043000+00:00,6473.5,{'stop_loss_price': 6473.5}
INVALID_RISK_UNIT,risk_unit == 0 or non-finite,NQM18-CME,5678591,2018-03-28 19:59:51.044000+00:00,6473.5,{'stop_loss_price': 6473.5}
INVALID_RISK_UNIT,risk_unit == 0 or non-finite,NQM18-CME,5678592,2018-03-28 19:59:51.045000+00:00,6473.5,{'stop_loss_price': 6473.5}
INVALID_RISK_UNIT,risk_unit == 0 or non-finite,NQM18-CME,5678593,2018-03-28 19:59:51.046000+00:00,6473.5,{'stop_loss_price': 6473.5}
INVALID_RISK_UNIT,risk_unit == 0 or non-finite,NQM18-CME,5678594,2018-03-28 19:59:51.047000+00:00,6473.5,{'stop_loss_price': 6473.5}
INVALID_RISK_UNIT,risk_unit == 0 or non-finite,NQM18-CME,5678595,2018-03-28 19:59:51.048000+00:00,6473.5,{'stop_loss_price': 6473.5}
INVALID_RISK_UNIT,risk_unit == 0 or non-finite,NQM18-CME,5678596,2018-03-28 19:59:51.049000+00:00,6473.5,{'stop_loss_price': 6473.5}
INVALID_RISK_UNIT,risk_unit == 0 or non-finite,NQM18-CME,5678597,2018-03-28 19:59:51.050000+00:00,6473.5,{'stop_loss_price': 6473.5}
INVALID_RISK_UNIT,risk_unit == 0 or non-finite,NQM18-CME,5678598,2018-03-28 19:59:51.051000+00:00,6473.5,{'stop_loss_price': 6473.5}
INVALID_RISK_UNIT,risk_unit == 0 or non-finite,NQM18-CME,5703791,2018-03-29 01:39:50+00:00,6490.0,{'stop_loss_price': 6490.0}
INVALID_RISK_UNIT,risk_unit == 0 or non-finite,NQM18-CME,5703792,2018-03-29 01:39:50.001000+00:00,6490.0,{'stop_loss_price': 6490.0}
INVALID_RISK_UNIT,risk_unit == 0 or non-finite,NQM18-CME,5703793,2018-03-29 01:39:50.002000+00:00,6490.0,{'stop_loss_price': 6490.0}
INVALID_RISK_UNIT,risk_unit == 0 or non-finite,NQM18-CME,5703794,2018-03-29 01:39:50.003000+00:00,6490.0,{'stop_loss_price': 6490.0}
INVALID_RISK_UNIT,risk_unit == 0 or non-finite,NQM18-CME,5703795,2018-03-29 01:39:50.004000+00:00,6490.0,{'stop_loss_price': 6490.0}
INVALID_RISK_UNIT,risk_unit == 0 or non-finite,NQM18-CME,5735720,2018-03-29 09:14:33+00:00,6510.0,{'stop_loss_price': 6510.0}
INVALID_RISK_UNIT,risk_unit == 0 or non-finite,NQM18-CME,5735721,2018-03-29 09:14:35+00:00,6510.0,{'stop_loss_price': 6510.0}
INVALID_RISK_UNIT,risk_unit == 0 or non-finite,NQM18-CME,5735722,2018-03-29 09:14:35.001000+00:00,6510.0,{'stop_loss_price': 6510.0}
INVALID_RISK_UNIT,risk_unit == 0 or non-finite,NQM18-CME,5735746,2018-03-29 09:14:47+00:00,6510.0,{'stop_loss_price': 6510.0}
INVALID_RISK_UNIT,risk_unit == 0 or non-finite,NQM18-CME,5771783,2018-03-29 13:30:04.011000+00:00,6501.75,{'stop_loss_price': 6501.75}
INVALID_RISK_UNIT,risk_unit == 0 or non-finite,NQM18-CME,5773033,2018-03-29 13:30:46.069000+00:00,6511.0,{'stop_loss_price': 6511.0}
INVALID_RISK_UNIT,risk_unit == 0 or non-finite,NQM18-CME,5860379,2018-03-29 14:20:11.001000+00:00,6489.25,{'stop_loss_price': 6489.25}
INVALID_RISK_UNIT,risk_unit == 0 or non-finite,NQM18-CME,5860380,2018-03-29 14:20:11.002000+00:00,6489.25,{'stop_loss_price': 6489.25}
INVALID_RISK_UNIT,risk_unit == 0 or non-finite,NQM18-CME,5860382,2018-03-29 14:20:11.004000+00:00,6489.25,{'stop_loss_price': 6489.25}
INVALID_RISK_UNIT,risk_unit == 0 or non-finite,NQM18-CME,5910621,2018-03-29 14:54:30.001000+00:00,6550.5,{'stop_loss_price': 6550.5}
INVALID_RISK_UNIT,risk_unit == 0 or non-finite,NQM18-CME,6015617,2018-03-29 16:41:36.022000+00:00,6544.75,{'stop_loss_price': 6544.75}
INVALID_RISK_UNIT,risk_unit == 0 or non-finite,NQM18-CME,6016762,2018-03-29 16:44:02+00:00,6549.0,{'stop_loss_price': 6549.0}
INVALID_RISK_UNIT,risk_unit == 0 or non-finite,NQM18-CME,6050845,2018-03-29 17:44:22.003000+00:00,6587.25,{'stop_loss_price': 6587.25}
INVALID_RISK_UNIT,risk_unit == 0 or non-finite,NQM18-CME,6051639,2018-03-29 17:45:16.007000+00:00,6588.25,{'stop_loss_price': 6588.25}
INVALID_RISK_UNIT,risk_unit == 0 or non-finite,NQM18-CME,6051640,2018-03-29 17:45:16.008000+00:00,6588.25,{'stop_loss_price': 6588.25}
INVALID_RISK_UNIT,risk_unit == 0 or non-finite,NQM18-CME,6051641,2018-03-29 17:45:16.009000+00:00,6588.25,{'stop_loss_price': 6588.25}
INVALID_RISK_UNIT,risk_unit == 0 or non-finite,NQM18-CME,6051642,2018-03-29 17:45:16.010000+00:00,6588.25,{'stop_loss_price': 6588.25}
INVALID_RISK_UNIT,risk_unit == 0 or non-finite,NQM18-CME,6051643,2018-03-29 17:45:16.011000+00:00,6588.25,{'stop_loss_price': 6588.25}
INVALID_RISK_UNIT,risk_unit == 0 or non-finite,NQM18-CME,6051644,2018-03-29 17:45:16.012000+00:00,6588.25,{'stop_loss_price': 6588.25}
INVALID_RISK_UNIT,risk_unit == 0 or non-finite,NQM18-CME,6072375,2018-03-29 18:03:35+00:00,6596.25,{'stop_loss_price': 6596.25}
INVALID_RISK_UNIT,risk_unit == 0 or non-finite,NQM18-CME,6072376,2018-03-29 18:03:35.001000+00:00,6596.25,{'stop_loss_price': 6596.25}
INVALID_RISK_UNIT,risk_unit == 0 or non-finite,NQM18-CME,6072377,2018-03-29 18:03:35.002000+00:00,6596.25,{'stop_loss_price': 6596.25}
INVALID_RISK_UNIT,risk_unit == 0 or non-finite,NQM18-CME,6072378,2018-03-29 18:03:35.003000+00:00,6596.25,{'stop_loss_price': 6596.25}
INVALID_RISK_UNIT,risk_unit == 0 or non-finite,NQM18-CME,6072379,2018-03-29 18:03:35.004000+00:00,6596.25,{'stop_loss_price': 6596.25}
INVALID_RISK_UNIT,risk_unit == 0 or non-finite,NQM18-CME,6072380,2018-03-29 18:03:35.005000+00:00,6596.25,{'stop_loss_price': 6596.25}
INVALID_RISK_UNIT,risk_unit == 0 or non-finite,NQM18-CME,6072381,2018-03-29 18:03:35.006000+00:00,6596.25,{'stop_loss_price': 6596.25}
INVALID_RISK_UNIT,risk_unit == 0 or non-finite,NQM18-CME,6072382,2018-03-29 18:03:35.007000+00:00,6596.25,{'stop_loss_price': 6596.25}
INVALID_RISK_UNIT,risk_unit == 0 or non-finite,NQM18-CME,6072394,2018-03-29 18:03:37.001000+00:00,6596.25,{'stop_loss_price': 6596.25}
